date,AguasVerdes_1,BigstoneBayLOTW_6,ATQ206_3,Auburn2_5,Lake226_26,BRW100_10,PP1LOTW_53,Albino_2,Auburn_4,BluebellPass_7,Blueberry_8,Borreguil_9,Chorerras_11,Clearwater_12,Crystal_13,Cuadrada_14,Daisy_15,Denise_16,EastCarol_17,FalseDuckIslandPond_18,ForestIslandLOTW_19,George_20,Hawley_21,Jasper_22,Kluane_23,KoorasteLinajarv_24,Lagarde_25,LittleSoulier_27,Llaviacu_28,LongPond_29,LongPond2_30,LostPack_31,LOWBB_32,LOWPP1_33,LOWWB_34,Lumsden_35,MainDuckIslandPond_36,Middle_37,MiddleRange_38,MiddleRange2_39,Milltown_40,Mosca_41,NE13_42,NE20_43,NoName_44,NorthRaft_45,OCF48_46,Panther_47,Panther2_48,Peipsi_49,PigeonIslandPond_50,Pleasant_51,Pleasant2_52,Ramp223_54,Ramp226_55,RDC312_56,RioSeco_57,RioSecoSuperior_58,Sabattus_59,Sabattus2_60,SaintAugustin_61,SE22_62,Spruce_63,SunapeeBuoy_64,SunapeeBuoy2_65,SunapeeHC_66,SunapeeHC2_67,Suwa_68,Taylor_69,Toredora_70,UpperCarrol_71,Vortsjarv_72,W16_73,WAP12_74,WAP20_75,WAP21_76,WAP21_77,WhitefishBayLOTW_78
1770-01-01,1.58499996457249,0,0,0,0,0,0,0,0,0,0,1.58499996457249,0.742499983403832,0,0,1.58499996457249,0,0,0,0,0,0,0,0,0,0,0,0,0.469999989494681,0,0,0,0,0,0,0,0,0,0,0,0,1.58499996457249,0,0,6.92999984510243,0,0,0,0,0,0,0,0,0,0,0,1.58499996457249,1.58499996457249,0,0,0,0,0,0,0,0,0,0.707499984186143,0,0.469999989494681,0,0,0,0,0,0,0,0
1771-01-01,1.58749996451661,0,0,0,0,0,0,0,0,0,0,1.58749996451661,0.744999983347952,0,0,1.58749996451661,0,0,0,0,0,0,0,0,0,0,0,0,0.472499989438802,0,0,0,0,0,0,0,0,0,0,0,0,1.58749996451661,0,0,6.96749984426424,0,0,0,0,0,0,0,0,0,0,0,1.58749996451661,1.58749996451661,0,0,0,0,0,0,0,0,0,0.707499984186143,0,0.472499989438802,0,0,0,0,0,0,0,0
1772-01-01,1.58999996446073,0,0,0,0,0,0,0,0,0,0,1.58999996446073,0.752499983180314,0,0,1.58999996446073,0,0,0,0,0,0,0,0,0,0,0,0,0.477499989327043,0,0,0,0,0,0,0,0,0,0,0,0,1.58999996446073,0,0,7.00749984337017,0,0,0,0,0,0,0,0,0,0,0,1.58999996446073,1.58999996446073,0,0,0,0,0,0,0,0,0,0.707499984186143,0,0.477499989327043,0,0,0,0,0,0,0,0
1773-01-01,1.58999996446073,0,0,0,0,0,0,0,0,0,0,1.58999996446073,0.757499983068556,0,0,1.58999996446073,0,0,0,0,0,0,0,0,0,0,0,0,0.479999989271164,0,0,0,0,0,0,0,0,0,0,0,0,1.58999996446073,0,0,7.04249984258786,0,0,0,0,0,0,0,0,0,0,0,1.58999996446073,1.58999996446073,0,0,0,0,0,0,0,0,0,0.707499984186143,0,0.479999989271164,0,0,0,0,0,0,0,0
1774-01-01,1.58999996446073,0,0,0,0,0,0,0,0,0,0,1.58999996446073,0.762499982956797,0,0,1.58999996446073,0,0,0,0,0,0,0,0,0,0,0,0,0.482499989215285,0,0,0,0,0,0,0,0,0,0,0,0,1.58999996446073,0,0,7.08249984169379,0,0,0,0,0,0,0,0,0,0,0,1.58999996446073,1.58999996446073,0,0,0,0,0,0,0,0,0,0.707499984186143,0,0.482499989215285,0,0,0,0,0,0,0,0
1775-01-01,1.58999996446073,0,0,0,0,0,0,0,0,0,0,1.58999996446073,0.769999982789159,0,0,1.58999996446073,0,0,0,0,0,0,0,0,0,0,0,0,0.487499989103526,0,0,0,0,0,0,0,0,0,0,0,0,1.58999996446073,0,0,7.1199998408556,0,0,0,0,0,0,0,0,0,0,0,1.58999996446073,1.58999996446073,0,0,0,0,0,0,0,0,0,0.707499984186143,0,0.487499989103526,0,0,0,0,0,0,0,0
1776-01-01,1.59249996440485,0,0,0,0,0,0,0,0,0,0,1.59249996440485,0.7749999826774,0,0,1.59249996440485,0,0,0,0,0,0,0,0,0,0,0,0,0.489999989047647,0,0,0,0,0,0,0,0,0,0,0,0,1.59249996440485,0,0,7.15749984001741,0,0,0,0,0,0,0,0,0,0,0,1.59249996440485,1.59249996440485,0,0,0,0,0,0,0,0,0,0.707499984186143,0,0.489999989047647,0,0,0,0,0,0,0,0
1777-01-01,1.59499996434897,0,0,0,0,0,0,0,0,0,0,1.59499996434897,0.777499982621521,0,0,1.59499996434897,0,0,0,0,0,0,0,0,0,0,0,0,0.492499988991767,0,0,0,0,0,0,0,0,0,0,0,0,1.59499996434897,0,0,7.19749983912334,0,0,0,0,0,0,0,0,0,0,0,1.59499996434897,1.59499996434897,0,0,0,0,0,0,0,0,0,0.707499984186143,0,0.492499988991767,0,0,0,0,0,0,0,0
1778-01-01,1.59499996434897,0,0,0,0,0,0,0,0,0,0,1.59499996434897,0.787499982398003,0,0,1.59499996434897,0,0,0,0,0,0,0,0,0,0,0,0,0.497499988880008,0,0,0,0,0,0,0,0,0,0,0,0,1.59499996434897,0,0,7.23499983828515,0,0,0,0,0,0,0,0,0,0,0,1.59499996434897,1.59499996434897,0,0,0,0,0,0,0,0,0,0.707499984186143,0,0.497499988880008,0,0,0,0,0,0,0,0
1779-01-01,1.59499996434897,0,0,0,0,0,0,0,0,0,0,1.59499996434897,0.792499982286245,0,0,1.59499996434897,0,0,0,0,0,0,0,0,0,0,0,0,0.499999988824129,0,0,0,0,0,0,0,0,0,0,0,0,1.59499996434897,0,0,7.27249983744696,0,0,0,0,0,0,0,0,0,0,0,1.59499996434897,1.59499996434897,0,0,0,0,0,0,0,0,0,0.707499984186143,0,0.499999988824129,0,0,0,0,0,0,0,0
1780-01-01,1.59499996434897,0,0,0,0,0,0,0,0,0,0,1.59499996434897,0.794999982230365,0,0,1.59499996434897,0,0,0,0,0,0,0,0,0,0,0,0,0.50249998876825,0,0,0,0,0,0,0,0,0,0,0,0,1.59499996434897,0,0,7.30999983660877,0,0,0,0,0,0,0,0,0,0,0,1.59499996434897,1.59499996434897,0,0,0,0,0,0,0,0,0,0.707499984186143,0,0.50249998876825,0,0,0,0,0,0,0,0
1781-01-01,1.59499996434897,0,0,0,0,0,0,0,0,0,0,1.59499996434897,0.799999982118607,0,0,1.59499996434897,0,0,0,0,0,0,0,0,0,0,0,0,0.50499998871237,0,0,0,0,0,0,0,0,0,0,0,0,1.59499996434897,0,0,7.34749983577058,0,0,0,0,0,0,0,0,0,0,0,1.59499996434897,1.59499996434897,0,0,0,0,0,0,0,0,0,0.707499984186143,0,0.50499998871237,0,0,0,0,0,0,0,0
1782-01-01,1.59749996429309,0,0,0,0,0,0,0,0,0,0,1.59749996429309,0.807499981950969,0,0,1.59749996429309,0,0,0,0,0,0,0,0,0,0,0,0,0.509999988600612,0,0,0,0,0,0,0,0,0,0,0,0,1.59749996429309,0,0,7.38749983487651,0,0,0,0,0,0,0,0,0,0,0,1.59749996429309,1.59749996429309,0,0,0,0,0,0,0,0,0,0.707499984186143,0,0.509999988600612,0,0,0,0,0,0,0,0
1783-01-01,1.59999996423721,0,0,0,0,0,0,0,0,0,0,1.59999996423721,0.81249998183921,0,0,1.59999996423721,0,0,0,0,0,0,0,0,0,0,0,0,0.512499988544732,0,0,0,0,0,0,0,0,0,0,0,0,1.59999996423721,0,0,7.42499983403832,0,0,0,0,0,0,0,0,0,0,0,1.59999996423721,1.59999996423721,0,0,0,0,0,0,0,0,0,0.707499984186143,0,0.512499988544732,0,0,0,0,0,0,0,0
1784-01-01,1.59999996423721,0,0,0,0,0,0,0,0,0,0,1.59999996423721,0.817499981727451,0,0,1.59999996423721,0,0,0,0,0,0,0,0,0,0,0,0,0.514999988488853,0,0,0,0,0,0,0,0,0,0,0,0,1.59999996423721,0,0,7.46499983314425,0,0,0,0,0,0,0,0,0,0,0,1.59999996423721,1.59999996423721,0,0,0,0,0,0,0,0,0,0.707499984186143,0,0.514999988488853,0,0,0,0,0,0,0,0
1785-01-01,1.59999996423721,0,0,0,0,0,0,0,0,0,0,1.59999996423721,0.824999981559813,0,0,1.59999996423721,0,0,0,0,0,0,0,0,0,0,0,0,0.519999988377094,0,0,0,0,0,0,0,0,0,0,0,0,1.59999996423721,0,0,7.50249983230606,0,0,0,0,0,0,0,0,0,0,0,1.59999996423721,1.59999996423721,0,0,0,0,0,0,0,0,0,0.707499984186143,0,0.519999988377094,0,0,0,0,0,0,0,0
1786-01-01,1.59999996423721,0,0,0,0,0,0,0,0,0,0,1.59999996423721,0.827499981503934,0,0,1.59999996423721,0,0,0,0,0,0,0,0,0,0,0,0,0.522499988321215,0,0,0,0,0,0,0,0,0,0,0,0,1.59999996423721,0,0,7.54249983141199,0,0,0,0,0,0,0,0,0,0,0,1.59999996423721,1.59999996423721,0,0,0,0,0,0,0,0,0,0.707499984186143,0,0.522499988321215,0,0,0,0,0,0,0,0
1787-01-01,1.60249996418133,0,0,0,0,0,0,0,0,0,0,1.60249996418133,0.834999981336296,0,0,1.60249996418133,0,0,0,0,0,0,0,0,0,0,0,0,0.524999988265336,0,0,0,0,0,0,0,0,0,0,0,0,1.60249996418133,0,0,7.57749983062968,0,0,0,0,0,0,0,0,0,0,0,1.60249996418133,1.60249996418133,0,0,0,0,0,0,0,0,0,0.707499984186143,0,0.524999988265336,0,0,0,0,0,0,0,0
1788-01-01,1.60249996418133,0,0,0,0,0,0,0,0,0,0,1.60249996418133,0.839999981224537,0,0,1.60249996418133,0,0,0,0,0,0,0,0,0,0,0,0,0.529999988153577,0,0,0,0,0,0,0,0,0,0,0,0,1.60249996418133,0,0,7.61499982979149,0,0,0,0,0,0,0,0,0,0,0,1.60249996418133,1.60249996418133,0,0,0,0,0,0,0,0,0,0.707499984186143,0,0.529999988153577,0,0,0,0,0,0,0,0
1789-01-01,1.60499996412545,0,0,0,0,0,0,0,0,0,0,1.60499996412545,0.847499981056899,0,0,1.60499996412545,0,0,0,0,0,0,0,0,0,0,0,0,0.532499988097697,0,0,0,0,0,0,0,0,0,0,0,0,1.60499996412545,0,0,7.65499982889742,0,0,0,0,0,0,0,0,0,0,0,1.60499996412545,1.60499996412545,0,0,0,0,0,0,0,0,0,0.707499984186143,0,0.532499988097697,0,0,0,0,0,0,0,0
1790-01-01,1.60499996412545,0,0,0,0,0,0,0,0,0,0,1.60499996412545,0.849999981001019,0,0,1.60499996412545,0,0,0,0,0,0,0,0,0,0,0,0,0.534999988041818,0,0,0,0,0,0,0,0,0,0,0,0,1.60499996412545,0,0,7.69249982805923,0,0,0,0,0,0,0,0,0,0,0,1.60499996412545,1.60499996412545,0,0,0,0,0,0,0,0,0,0.707499984186143,0,0.534999988041818,0,0,0,0,0,0,0,0
1791-01-01,1.60499996412545,0,0,0,0,0,0,0,0,0,0,1.60499996412545,0.857499980833381,0,0,1.60499996412545,0,0,0,0,0,0,0,0,0,0,0,0,0.539999987930059,0,0,0,0,0,0,0,0,0,0,0,0,1.60499996412545,0,0,7.73249982716516,0,0,0,0,0,0,0,0,0,0,0,1.60499996412545,1.60499996412545,0,0,0,0,0,0,0,0,0,0.707499984186143,0,0.539999987930059,0,0,0,0,0,0,0,0
1792-01-01,1.60749996406958,0,0,0,0,0,0,0,0,0,0,1.60749996406958,0.862499980721623,0,0,1.60749996406958,0,0,0,0,0,0,0,0,0,0,0,0,0.54249998787418,0,0,0,0,0,0,0,0,0,0,0,0,1.60749996406958,0,0,7.76749982638285,0,0,0,0,0,0,0,0,0,0,0,1.60749996406958,1.60749996406958,0,0,0,0,0,0,0,0,0,0.707499984186143,0,0.54249998787418,0,0,0,0,0,0,0,0
1793-01-01,1.60749996406958,0,0,0,0,0,0,0,0,0,0,1.60749996406958,0.867499980609864,0,0,1.60749996406958,0,0,0,0,0,0,0,0,0,0,0,0,0.544999987818301,0,0,0,0,0,0,0,0,0,0,0,0,1.60749996406958,0,0,7.80749982548878,0,0,0,0,0,0,0,0,0,0,0,1.60749996406958,1.60749996406958,0,0,0,0,0,0,0,0,0,0.707499984186143,0,0.544999987818301,0,0,0,0,0,0,0,0
1794-01-01,1.6099999640137,0,0,0,0,0,0,0,0,0,0,1.6099999640137,0.874999980442226,0,0,1.6099999640137,0,0,0,0,0,0,0,0,0,0,0,0,0.549999987706542,0,0,0,0,0,0,0,0,0,0,0,0,1.6099999640137,0,0,7.84499982465059,0,0,0,0,0,0,0,0,0,0,0,1.6099999640137,1.6099999640137,0,0,0,0,0,0,0,0,0,0.707499984186143,0,0.549999987706542,0,0,0,0,0,0,0,0
1795-01-01,1.6099999640137,0,0,0,0,0,0,0,0,0,0,1.6099999640137,0.879999980330467,0,0,1.6099999640137,0,0,0,0,0,0,0,0,0,0,0,0,0.552499987650663,0,0,0,0,0,0,0,0,0,0,0,0,1.6099999640137,0,0,7.8824998238124,0,0,0,0,0,0,0,0,0,0,0,1.6099999640137,1.6099999640137,0,0,0,0,0,0,0,0,0,0.707499984186143,0,0.552499987650663,0,0,0,0,0,0,0,0
1796-01-01,1.6099999640137,0,0,0,0,0,0,0,0,0,0,1.6099999640137,0.882499980274588,0,0,1.6099999640137,0,0,0,0,0,0,0,0,0,0,0,0,0.554999987594783,0,0,0,0,0,0,0,0,0,0,0,0,1.6099999640137,0,0,7.92249982291833,0,0,0,0,0,0,0,0,0,0,0,1.6099999640137,1.6099999640137,0,0,0,0,0,0,0,0,0,0.707499984186143,0,0.554999987594783,0,0,0,0,0,0,0,0
1797-01-01,1.61249996395782,0,0,0,0,0,0,0,0,0,0,1.61249996395782,0.89249998005107,0,0,1.61249996395782,0,0,0,0,0,0,0,0,0,0,0,0,0.559999987483025,0,0,0,0,0,0,0,0,0,0,0,0,1.61249996395782,0,0,7.95999982208014,0,0,0,0,0,0,0,0,0,0,0,1.61249996395782,1.61249996395782,0,0,0,0,0,0,0,0,0,0.707499984186143,0,0.559999987483025,0,0,0,0,0,0,0,0
1798-01-01,1.61249996395782,0,0,0,0,0,0,0,0,0,0,1.61249996395782,0.897499979939312,0,0,1.61249996395782,0,0,0,0,0,0,0,0,0,0,0,0,0.562499987427145,0,0,0,0,0,0,0,0,0,0,0,0,1.61249996395782,0,0,7.99999982118607,0,0,0,0,0,0,0,0,0,0,0,1.61249996395782,1.61249996395782,0,0,0,0,0,0,0,0,0,0.707499984186143,0,0.562499987427145,0,0,0,0,0,0,0,0
1799-01-01,1.61249996395782,0,0,0,0,0,0,0,0,0,0,1.61249996395782,0.899999979883432,0,0,1.61249996395782,0,0,0,0,0,0,0,0,0,0,0,0,0.564999987371266,0,0,0,0,0,0,0,0,0,0,0,0,1.61249996395782,0,0,8.03749982034788,0,0,0,0,0,0,0,0,0,0,0,1.61249996395782,1.61249996395782,0,0,0,0,0,0,0,0,0,0.707499984186143,0,0.564999987371266,0,0,0,0,0,0,0,0
1800-01-01,1.61499996390194,0,0,0,0,0,0,0,0,0,0,1.61499996390194,0.909999979659915,0,0,1.61499996390194,0,0,0,0,0,0,0,0,0,0,0,0,0.569999987259507,0,0,0,0,0,0,0,0,0,0,0,0,1.61499996390194,0,0,8.07499981950969,0,0,0,0,0,0,0,0,0,0,0,1.61499996390194,1.61499996390194,0,0,0,0,0,0,0,0,0,0.707499984186143,0,0.569999987259507,0,0,0,0,0,0,0,0
1801-01-01,1.61749996384606,0,0,0,0,0,0,0,0,0,0,1.61749996384606,0.912499979604036,0,0,1.61749996384606,0,0,0,0,0,0,0,0,0,0,0,0,0.572499987203628,0,0,0,0,0,0,0,0,0,0,0,0,1.61749996384606,0,0,8.11499981861562,0,0,0,0,0,0,0,0,0,0,0,1.61749996384606,1.61749996384606,0,0,0,0,0,0,0,0,0,0.707499984186143,0,0.572499987203628,0,0,0,0,0,0,0,0
1802-01-01,1.61749996384606,0,0,0,0,0,0,0,0,0,0,1.61749996384606,0.922499979380518,0,0,1.61749996384606,0,0,0,0,0,0,0,0,0,0,0,0,0.577499987091869,0,0,0,0,0,0,0,0,0,0,0,0,1.61749996384606,0,0,8.15249981777743,0,0,0,0,0,0,0,0,0,0,0,1.61749996384606,1.61749996384606,0,0,0,0,0,0,0,0,0,0.707499984186143,0,0.577499987091869,0,0,0,0,0,0,0,0
1803-01-01,1.61999996379018,0,0,0,0,0,0,0,0,0,0,1.61999996379018,0.924999979324639,0,0,1.61999996379018,0,0,0,0,0,0,0,0,0,0,0,0,0.57999998703599,0,0,0,0,0,0,0,0,0,0,0,0,1.61999996379018,0,0,8.19249981688336,0,0,0,0,0,0,0,0,0,0,0,1.61999996379018,1.61999996379018,0,0,0,0,0,0,0,0,0,0.707499984186143,0,0.57999998703599,0,0,0,0,0,0,0,0
1804-01-01,1.6224999637343,0,0,0,0,0,0,0,0,0,0,1.6224999637343,0.932499979157001,0,0,1.6224999637343,0,0,0,0,0,0,0,0,0,0,0,0,0.584999986924231,0,0,0,0,0,0,0,0,0,0,0,0,1.6224999637343,0,0,8.22999981604517,0,0,0,0,0,0,0,0,0,0,0,1.6224999637343,1.6224999637343,0,0,0,0,0,0,0,0,0,0.707499984186143,0,0.584999986924231,0,0,0,0,0,0,0,0
1805-01-01,1.6224999637343,0,0,0,0,0,0,0,0,0,0,1.6224999637343,0.942499978933483,0,0,1.6224999637343,0,0,0,0,0,0,0,0,0,0,0,0,0.589999986812472,0,0,0,0,0,0,0,0,0,0,0,0,1.6224999637343,0,0,8.26749981520697,0,0,0,0,0,0,0,0,0,0,0,1.6224999637343,1.6224999637343,0,0,0,0,0,0,0,0,0,0.707499984186143,0,0.589999986812472,0,0,0,0,0,0,0,0
1806-01-01,1.62499996367842,0,0,0,0,0,0,0,0,0,0,1.62499996367842,0.947499978821725,0,0,1.62499996367842,0,0,0,0,0,0,0,0,0,0,0,0,0.592499986756593,0,0,0,0,0,0,0,0,0,0,0,0,1.62499996367842,0,0,8.30499981436878,0,0,0,0,0,0,0,0,0,0,0,1.62499996367842,1.62499996367842,0,0,0,0,0,0,0,0,0,0.707499984186143,0,0.592499986756593,0,0,0,0,0,0,0,0
1807-01-01,1.62749996362254,0,0,0,0,0,0,0,0,0,0,1.62749996362254,0.954999978654087,0,0,1.62749996362254,0,0,0,0,0,0,0,0,0,0,0,0,0.597499986644834,0,0,0,0,0,0,0,0,0,0,0,0,1.62749996362254,0,0,8.34249981353059,0,0,0,0,0,0,0,0,0,0,0,1.62749996362254,1.62749996362254,0,0,0,0,0,0,0,0,0,0.707499984186143,0,0.597499986644834,0,0,0,0,0,0,0,0
1808-01-01,1.62749996362254,0,0,0,0,0,0,0,0,0,0,1.62749996362254,0.962499978486449,0,0,1.62749996362254,0,0,0,0,0,0,0,0,0,0,0,0,0.602499986533076,0,0,0,0,0,0,0,0,0,0,0,0,1.62749996362254,0,0,8.38249981263652,0,0,0,0,0,0,0,0,0,0,0,1.62749996362254,1.62749996362254,0,0,0,0,0,0,0,0,0,0.707499984186143,0,0.602499986533076,0,0,0,0,0,0,0,0
1809-01-01,1.62749996362254,0,0,0,0,0,0,0,0,0,0,1.62749996362254,0.96999997831881,0,0,1.62749996362254,0,0,0,0,0,0,0,0,0,0,0,0,0.604999986477196,0,0,0,0,0,0,0,0,0,0,0,0,1.62749996362254,0,0,8.41999981179833,0,0,0,0,0,0,0,0,0,0,0,1.62749996362254,1.62749996362254,0,0,0,0,0,0,0,0,0,0.707499984186143,0,0.604999986477196,0,0,0,0,0,0,0,0
1810-01-01,1.63249996351078,0,0,0,0,0,0,0,0,0,0,1.63249996351078,0.974999978207052,0,0,1.63249996351078,0,0,0,0,0,0,0,0,0,0,0,0,0.609999986365438,0,0,0,0,0,0,0,0,0,0,0,0,1.63249996351078,0,0,8.45999981090426,0,0,0,0,0,0,0,0,0,0,0,1.63249996351078,1.63249996351078,0,0,0,0,0,0,0,0,0,0.707499984186143,0,0.609999986365438,0,0,0,0,0,0,0,0
1811-01-01,1.63249996351078,0,0,0,0,0,0,0,0,0,0,1.63249996351078,0.979999978095293,0,0,1.63249996351078,0,0,0,0,0,0,0,0,0,0,0,0,0.612499986309558,0,0,0,0,0,0,0,0,0,0,0,0,1.63249996351078,0,0,8.49749981006607,0,0,0,0,0,0,0,0,0,0,0,1.63249996351078,1.63249996351078,0,0,0,0,0,0,0,0,0,0.707499984186143,0,0.612499986309558,0,0,0,0,0,0,0,0
1812-01-01,1.63249996351078,0,0,0,0,0,0,0,0,0,0,1.63249996351078,0.989999977871776,0,0,1.63249996351078,0,0,0,0,0,0,0,0,0,0,0,0,0.617499986197799,0,0,0,0,0,0,0,0,0,0,0,0,1.63249996351078,0,0,8.537499809172,0,0,0,0,0,0,0,0,0,0,0,1.63249996351078,1.63249996351078,0,0,0,0,0,0,0,0,0,0.707499984186143,0,0.617499986197799,0,0,0,0,0,0,0,0
1813-01-01,1.63749996339902,0,0,0,0,0,0,0,0,0,0,1.63749996339902,0.994999977760017,0,0,1.63749996339902,0,0,0,0,0,0,0,0,0,0,0,0,0.622499986086041,0,0,0,0,0,0,0,0,0,0,0,0,1.63749996339902,0,0,8.57499980833381,0,0,0,0,0,0,0,0,0,0,0,1.63749996339902,1.63749996339902,0,0,0,0,0,0,0,0,0,0.707499984186143,0,0.622499986086041,0,0,0,0,0,0,0,0
1814-01-01,1.63749996339902,0,0,0,0,0,0,0,0,0,0,1.63749996339902,1.00249997759238,0,0,1.63749996339902,0,0,0,0,0,0,0,0,0,0,0,0,0.624999986030161,0,0,0,0,0,0,0,0,0,0,0,0,1.63749996339902,0,0,8.61249980749562,0,0,0,0,0,0,0,0,0,0,0,1.63749996339902,1.63749996339902,0,0,0,0,0,0,0,0,0,0.707499984186143,0,0.624999986030161,0,0,0,0,0,0,0,0
1815-01-01,1.63749996339902,0,0,0,0,0,0,0,0,0,0,1.63749996339902,1.00999997742474,0,0,1.63749996339902,0,0,0,0,0,0,0,0,0,0,0,0,0.629999985918403,0,0,0,0,0,0,0,0,0,0,0,0,1.63749996339902,0,0,8.65249980660155,0,0,0,0,0,0,0,0,0,0,0,1.63749996339902,1.63749996339902,0,0,0,0,0,0,0,0,0,0.707499984186143,0,0.629999985918403,0,0,0,0,0,0,0,0
1816-01-01,1.63749996339902,0,0,0,0,0,0,0,0,0,0,1.63749996339902,1.01499997731298,0,0,1.63749996339902,0,0,0,0,0,0,0,0,0,0,0,0,0.632499985862523,0,0,0,0,0,0,0,0,0,0,0,0,1.63749996339902,0,0,8.68749980581924,0,0,0,0,0,0,0,0,0,0,0,1.63749996339902,1.63749996339902,0,0,0,0,0,0,0,0,0,0.707499984186143,0,0.632499985862523,0,0,0,0,0,0,0,0
1817-01-01,1.64249996328726,0,0,0,0,0,0,0,0,0,0,1.64249996328726,1.02249997714534,0,0,1.64249996328726,0,0,0,0,0,0,0,0,0,0,0,0,0.637499985750765,0,0,0,0,0,0,0,0,0,0,0,0,1.64249996328726,0,0,8.72749980492517,0,0,0,0,0,0,0,0,0,0,0,1.64249996328726,1.64249996328726,0,0,0,0,0,0,0,0,0,0.707499984186143,0,0.637499985750765,0,0,0,0,0,0,0,0
1818-01-01,1.64249996328726,0,0,0,0,0,0,0,0,0,0,1.64249996328726,1.03249997692183,0,0,1.64249996328726,0,0,0,0,0,0,0,0,0,0,0,0,0.642499985639006,0,0,0,0,0,0,0,0,0,0,0,0,1.64249996328726,0,0,8.76249980414286,0,0,0,0,0,0,0,0,0,0,0,1.64249996328726,1.64249996328726,0,0,0,0,0,0,0,0,0,0.707499984186143,0,0.642499985639006,0,0,0,0,0,0,0,0
1819-01-01,1.64249996328726,0,0,0,0,0,0,0,0,0,0,1.64249996328726,1.03499997686595,0,0,1.64249996328726,0,0,0,0,0,0,0,0,0,0,0,0,0.644999985583127,0,0,0,0,0,0,0,0,0,0,0,0,1.64249996328726,0,0,8.80249980324879,0,0,0,0,0,0,0,0,0,0,0,1.64249996328726,1.64249996328726,0,0,0,0,0,0,0,0,0,0.707499984186143,0,0.644999985583127,0,0,0,0,0,0,0,0
1820-01-01,1.64749996317551,0,0,0,0,0,0,0,0,0,0,1.64749996317551,1.04499997664243,0,0,1.64749996317551,0,0,0,0,0,0,0,0,0,0,0,0,0.649999985471368,0,0,0,0,0,0,0,0,0,0,0,0,1.64749996317551,0,0,8.8399998024106,0,0,0,0,0,0,0,0,0,0,0,1.64749996317551,1.64749996317551,0,0,0,0,0,0,0,0,0,0.707499984186143,0,0.649999985471368,0,0,0,0,0,0,0,0
1821-01-01,1.64749996317551,0,0,0,0,0,0,0,0,0,0,1.64749996317551,1.05249997647479,0,0,1.64749996317551,0,0,0,0,0,0,0,0,0,0,0,0,0.654999985359609,0,0,0,0,0,0,0,0,0,0,0,0,1.64749996317551,0,0,8.87749980157241,0,0,0,0,0,0,0,0,0,0,0,1.64749996317551,1.64749996317551,0,0,0,0,0,0,0,0,0,0.707499984186143,0,0.654999985359609,0,0,0,0,0,0,0,0
1822-01-01,1.64749996317551,0,0,0,0,0,0,0,0,0,0,1.64749996317551,1.05499997641891,0,0,1.64749996317551,0,0,0,0,0,0,0,0,0,0,0,0,0.65749998530373,0,0,0,0,0,0,0,0,0,0,0,0,1.64749996317551,0,0,8.91749980067834,0,0,0,0,0,0,0,0,0,0,0,1.64749996317551,1.64749996317551,0,0,0,0,0,0,0,0,0,0.707499984186143,0,0.65749998530373,0,0,0,0,0,0,0,0
1823-01-01,1.65249996306375,0,0,0,0,0,0,0,0,0,0,1.65249996306375,1.06499997619539,0,0,1.65249996306375,0,0,0,0,0,0,0,0,0,0,0,0,0.662499985191971,0,0,0,0,0,0,0,0,0,0,0,0,1.65249996306375,0,0,8.95499979984015,0,0,0,0,0,0,0,0,0,0,0,1.65249996306375,1.65249996306375,0,0,0,0,0,0,0,0,0,0.707499984186143,0,0.662499985191971,0,0,0,0,0,0,0,0
1824-01-01,1.65249996306375,0,0,0,0,0,0,0,0,0,0,1.65249996306375,1.06499997619539,0,0,1.65249996306375,0,0,0,0,0,0,0,0,0,0,0,0,0.662499985191971,0,0,0,0,0,0,0,0,0,0,0,0,1.65249996306375,0,0,8.99499979894608,0,0,0,0,0,0,0,0,0,0,0,1.65249996306375,1.65249996306375,0,0,0,0,0,0,0,0,0,0.707499984186143,0,0.662499985191971,0,0,0,0,0,0,0,0
1825-01-01,1.65249996306375,0,0,0,0,0,0,0,0,0,0,1.65249996306375,1.07499997597188,0,0,1.65249996306375,0,0,0,0,0,0,0,0,0,0,0,0,0.667499985080212,0,0,0,0,0,0,0,0,0,0,0,0,1.65249996306375,0,0,9.03249979810789,0,0,0,0,0,0,0,0,0,0,0,1.65249996306375,1.65249996306375,0,0,0,0,0,0,0,0,0,0.707499984186143,0,0.667499985080212,0,0,0,0,0,0,0,0
1826-01-01,1.65499996300787,0,0,0,0,0,0,0,0,0,0,1.65499996300787,1.08249997580424,0,0,1.65499996300787,0,0,0,0,0,0,0,0,0,0,0,0,0.672499984968454,0,0,0,0,0,0,0,0,0,0,0,0,1.65499996300787,0,0,9.0699997972697,0,0,0,0,0,0,0,0,0,0,0,1.65499996300787,1.65499996300787,0,0,0,0,0,0,0,0,0,0.707499984186143,0,0.672499984968454,0,0,0,0,0,0,0,0
1827-01-01,1.65749996295199,0,0,0,0,0,0,0,0,0,0,1.65749996295199,1.08749997569248,0,0,1.65749996295199,0,0,0,0,0,0,0,0,0,0,0,0,0.674999984912574,0,0,0,0,0,0,0,0,0,0,0,0,1.65749996295199,0,0,9.10999979637563,0,0,0,0,0,0,0,0,0,0,0,1.65749996295199,1.65749996295199,0,0,0,0,0,0,0,0,0,0.707499984186143,0,0.674999984912574,0,0,0,0,0,0,0,0
1828-01-01,1.65749996295199,0,0,0,0,0,0,0,0,0,0,1.65749996295199,1.09499997552484,0,0,1.65749996295199,0,0,0,0,0,0,0,0,0,0,0,0,0.679999984800816,0,0,0,0,0,0,0,0,0,0,0,0,1.65749996295199,0,0,9.14749979553744,0,0,0,0,0,0,0,0,0,0,0,1.65749996295199,1.65749996295199,0,0,0,0,0,0,0,0,0,0.707499984186143,0,0.679999984800816,0,0,0,0,0,0,0,0
1829-01-01,1.65999996289611,0,0,0,0,0,0,0,0,0,0,1.65999996289611,1.09749997546896,0,0,1.65999996289611,0,0,0,0,0,0,0,0,0,0,0,0,0.682499984744936,0,0,0,0,0,0,0,0,0,0,0,0,1.65999996289611,0,0,9.18749979464337,0,0,0,0,0,0,0,0,0,0,0,1.65999996289611,1.65999996289611,0,0,0,0,0,0,0,0,0,0.707499984186143,0,0.682499984744936,0,0,0,0,0,0,0,0
1830-01-01,1.66249996284023,0,0,0,0,0,0,0,0,0,0,1.66249996284023,1.10749997524545,0,0,1.66249996284023,0,0,0,0,0,0,0,0,0,0,0,0,0.687499984633178,0,0,0,0,0,0,0,0,0,0,0,0,1.66249996284023,0,0,9.22499979380518,0,0,0,0,0,0,0,0,0,0,0,1.66249996284023,1.66249996284023,0,0,0,0,0,0,0,0,0,0.707499984186143,0,0.687499984633178,0,0,0,0,0,0,0,0
1831-01-01,1.66499996278435,0,0,0,0,0,0,0,0,0,0,1.66499996278435,1.11499997507781,0,0,1.66499996278435,0,0,0,0,0,0,0,0,0,0,0,0,0.692499984521419,0,0,0,0,0,0,0,0,0,0,0,0,1.66499996278435,0,0,9.26499979291111,0,0,0,0,0,0,0,0,0,0,0,1.66499996278435,1.66499996278435,0,0,0,0,0,0,0,0,0,0.707499984186143,0,0.692499984521419,0,0,0,0,0,0,0,0
1832-01-01,1.66499996278435,0,0,0,0,0,0,0,0,0,0,1.66499996278435,1.12249997491017,0,0,1.66499996278435,0,0,0,0,0,0,0,0,0,0,0,0,0.694999984465539,0,0,0,0,0,0,0,0,0,0,0,0,1.66499996278435,0,0,9.29749979218468,0,0,0,0,0,0,0,0,0,0,0,1.66499996278435,1.66499996278435,0,0,0,0,0,0,0,0,0,0.707499984186143,0,0.694999984465539,0,0,0,0,0,0,0,0
1833-01-01,1.66749996272847,0,0,0,0,0,0,0,0,0,0,1.66749996272847,1.12749997479841,0,0,1.66749996272847,0,0,0,0,0,0,0,0,0,0,0,0,0.699999984353781,0,0,0,0,0,0,0,0.249999994412065,0,0,0,0,1.66749996272847,0,0,9.33499979134649,0,0,0,0,0,0.249999994412065,0,0,0,0,0,1.66749996272847,1.66749996272847,0,0,0,0,0,0,0,0,0,0.707499984186143,0,0.699999984353781,0,0,0,0,0,0,0,0
1834-01-01,1.66999996267259,0,0,0,0,0,0,0,0,0,0,1.66999996267259,1.13749997457489,0,0,1.66999996267259,0,0,0,0,0,0,0,0,0,0,0,0,0.704999984242022,0,0,0,0,0,0,0,0.254999994300306,0,0,0,0,1.66999996267259,0,0,9.37499979045242,0,0,0,0,0,0.254999994300306,0,0,0,0,0,1.66999996267259,1.66999996267259,0,0,0,0,0,0,0,0,0,0.707499984186143,0,0.704999984242022,0,0,0,0,0,0,0,0
1835-01-01,1.66999996267259,0,0,0,0,0,0,0,0,0,0,1.66999996267259,1.14249997446314,0,0,1.66999996267259,0,0,0,0,0,0,0,0,0,0,0,0,0.707499984186143,0,0,0,0,0,0,0,0.259999994188547,0,0,0,0,1.66999996267259,0,0,9.41249978961423,0,0,0,0,0,0.259999994188547,0,0,0,0,0,1.66999996267259,1.66999996267259,0,0,0,0,0,0,0,0,0,0.707499984186143,0,0.707499984186143,0,0,0,0,0,0,0,0
1836-01-01,1.67249996261671,0,0,0,0,0,0,0,0,0,0,1.67249996261671,1.1499999742955,0,0,1.67249996261671,0,0,0,0,0,0,0,0,0,0,0,0,0.712499984074384,0,0,0,0,0,0,0,0.262499994132668,0,0,0,0,1.67249996261671,0,0,9.45249978872016,0,0,0,0,0,0.262499994132668,0,0,0,0,0,1.67249996261671,1.67249996261671,0,0,0,0,0,0,0,0,0,0.707499984186143,0,0.712499984074384,0,0,0,0,0,0,0,0
1837-01-01,1.67499996256083,0,0,0,0,0,0,0,0,0,0,1.67499996256083,1.15499997418374,0,0,1.67499996256083,0,0,0,0,0,0,0,0,0,0,0,0,0.714999984018505,0,0,0,0,0,0,0,0.267499994020909,0,0,0,0,1.67499996256083,0,0,9.48999978788197,0,0,0,0,0,0.267499994020909,0,0,0,0,0,1.67499996256083,1.67499996256083,0,0,0,0,0,0,0,0,0,0.707499984186143,0,0.714999984018505,0,0,0,0,0,0,0,0
1838-01-01,1.67499996256083,0,0,0,0,0,0,0,0,0,0,1.67499996256083,1.16499997396022,0,0,1.67499996256083,0,0,0,0,0,0,0,0,0,0,0,0,0.719999983906746,0,0,0,0,0,0,0,0.26999999396503,0,0,0,0,1.67499996256083,0,0,9.52749978704378,0,0,0,0,0,0.26999999396503,0,0,0,0,0,1.67499996256083,1.67499996256083,0,0,0,0,0,0,0,0,0,0.707499984186143,0,0.719999983906746,0,0,0,0,0,0,0,0
1839-01-01,1.67749996250495,0,0,0,0,0,0,0,0,0,0,1.67749996250495,1.16999997384846,0,0,1.67749996250495,0,0,0,0,0,0,0,0,0,0,0,0,0.724999983794987,0,0,0,0,0,0,0,0.27249999390915,0,0,0,0,1.67749996250495,0,0,9.56499978620559,0,0,0,0,0,0.27249999390915,0,0,0,0,0,1.67749996250495,1.67749996250495,0,0,0,0,0,0,0,0,0,0.707499984186143,0,0.724999983794987,0,0,0,0,0,0,0,0
1840-01-01,1.67999996244907,0,0,0,0,0,0,0.249999994412065,0,0,0,1.67999996244907,1.1749999737367,0,0,1.67999996244907,0,0,0,0,0,0,0,0.249999994412065,0,0,0,0,0.727499983739108,0,0,0,0,0,0,0,0.277499993797392,0,0,0,0,1.67999996244907,0,0,9.6024997853674,0,0,0,0,0,0.277499993797392,0,0,0,0,0,1.67999996244907,1.67999996244907,0,0,0,0,0,0,0,0,0,0.707499984186143,0,0.727499983739108,0,0,0,0,0,0,0,0
1841-01-01,1.68249996239319,0,0,0,0,0,0,0.252499994356185,0,0,0,1.68249996239319,1.18499997351319,0,0,1.68249996239319,0,0,0,0,0,0,0,0.252499994356185,0,0,0,0,0.732499983627349,0,0,0,0,0,0,0,0.279999993741512,0,0,0,0,1.68249996239319,0,0,9.64249978447333,0,0,0,0,0,0.279999993741512,0,0,0,0,0,1.68249996239319,1.68249996239319,0,0,0,0,0,0,0,0,0,0.707499984186143,0,0.732499983627349,0,0,0,0,0,0,0,0
1842-01-01,1.68499996233732,0,0,0,0,0,0,0.254999994300306,0,0,0,1.68499996233732,1.18749997345731,0,0,1.68499996233732,0,0,0,0,0,0,0,0.254999994300306,0,0,0,0,0.73499998357147,0,0,0,0,0,0,0,0.284999993629754,0,0,0,0,1.68499996233732,0,0,9.67999978363514,0,0,0,0,0,0.284999993629754,0,0,0,0,0,1.68499996233732,1.68499996233732,0,0,0,0,0,0,0,0,0,0.707499984186143,0,0.73499998357147,0,0,0,0,0,0,0,0
1843-01-01,1.68499996233732,0,0,0,0,0,0,0.257499994244426,0,0,0,1.68499996233732,1.19749997323379,0,0,1.68499996233732,0,0,0,0.249999994412065,0,0,0,0.257499994244426,0,0,0,0,0.739999983459711,0,0,0,0,0,0,0,0.537499987985939,0,0,0,0,1.68499996233732,0,0,9.71999978274107,0,0,0,0,0,0.537499987985939,0,0,0,0,0,1.68499996233732,1.68499996233732,0,0,0,0,0,0,0,0,0,0.707499984186143,0,0.739999983459711,0,0,0,0,0,0,0,0
1844-01-01,1.68749996228144,0,0,0,0,0,0,0.259999994188547,0,0,0,1.68749996228144,1.20499997306615,0,0,1.68749996228144,0,0,0,0.252499994356185,0,0,0,0.259999994188547,0,0,0,0,0.744999983347952,0,0,0,0,0,0,0,0.544999987818301,0,0,0,0,1.68749996228144,0,0,9.75749978190288,0,0,0,0,0,0.544999987818301,0,0,0,0,0,1.68749996228144,1.68749996228144,0,0,0,0,0,0,0,0,0,0.707499984186143,0,0.744999983347952,0,0,0,0,0,0,0,0
1845-01-01,1.68999996222556,0,0,0,0,0,0,0.264999994076788,0,0,0,1.68999996222556,1.20999997295439,0,0,1.68999996222556,0,0,0,0,0,0,0,0.264999994076788,0,0,0,0,0.747499983292073,0,0,0,0,0,0,0,0.294999993406236,0,0,0,0,1.68999996222556,0,0,9.79499978106469,0,0,0,0,0,0.294999993406236,0,0,0,0,0,1.68999996222556,1.68999996222556,0,0,0,0,0,0,0,0,0,0.707499984186143,0,0.747499983292073,0,0,0,0,0,0,0,0
1846-01-01,1.68999996222556,0,0,0,0,0,0,0.267499994020909,0,0,0,1.68999996222556,1.21749997278675,0,0,1.68999996222556,0,0,0,0,0,0,0,0.267499994020909,0,0,0,0,0.752499983180314,0,0,0,0,0,0,0,0.299999993294477,0,0,0,0,1.68999996222556,0,0,9.83499978017062,0,0,0,0,0,0.299999993294477,0,0,0,0,0,1.68999996222556,1.68999996222556,0,0,0,0,0,0,0,0,0,0.707499984186143,0,0.752499983180314,0,0,0,0,0,0,0,0
1847-01-01,1.69249996216968,0,0,0,0,0,0,0.26999999396503,0,0,0,1.69249996216968,1.22749997256324,0,0,1.69249996216968,0,0,0,0,0,0,0,0.26999999396503,0,0,0,0,0.757499983068556,0,0,0,0,0,0,0,0.302499993238598,0,0,0,0,1.69249996216968,0,0,9.87249977933243,0,0,0,0,0,0.302499993238598,0,0,0,0,0,1.69249996216968,1.69249996216968,0,0,0,0,0,0,0,0,0,0.707499984186143,0,0.757499983068556,0,0,0,0,0,0,0,0
1848-01-01,1.6949999621138,0,0,0,0,0,0,0.27249999390915,0,0,0,1.6949999621138,1.22999997250736,0,0,1.6949999621138,0,0,0,0,0,0,0,0.27249999390915,0,0,0,0,0.759999983012676,0,0,0,0,0,0,0,0.307499993126839,0,0,0,0,1.6949999621138,0,0,9.91249977843836,0,0,0,0,0,0.307499993126839,0,0,0,0,0,1.6949999621138,1.6949999621138,0,0,0,0,0,0,0,0,0,0.707499984186143,0,0.759999983012676,0,0,0,0,0,0,0,0
1849-01-01,1.69999996200204,0,0,0,0,0,0,0.274999993853271,0,0,0,1.69999996200204,1.23749997233972,0,0,1.69999996200204,0,0,0,0,0,0,0,0.274999993853271,0,0,0,0,0.764999982900918,0,0,0,0,0,0,0,0.30999999307096,0,0,0,0,1.69999996200204,0,0,9.94999977760017,0,0,0,0,0,0.30999999307096,0,0,0,0,0,1.69999996200204,1.69999996200204,0,0,0,0,0,0,0,0,0,0.707499984186143,0,0.764999982900918,0,0,0,0,0,0,0,0
1850-01-01,1.69999996200204,0,0,0,0,0,0,0.277499993797392,0,0,0,1.69999996200204,1.24249997222796,0,0,1.69999996200204,0,0,0,0,0,0,0,0.277499993797392,0,0,0,0,0.767499982845038,0,0,0,0,0,0,0,0.314999992959201,0,0,0,0,1.69999996200204,0,0,9.9899997767061,0,0,0,0,0,0.314999992959201,0,0,0,0,0,1.69999996200204,1.69999996200204,0,0,0,0,0,0,0,0,0,0.707499984186143,0,0.767499982845038,0,0,0,0,0,0,0,0
1851-01-01,1.70499996189028,0,0,0,0,0,0,0.287499993573874,0,0,0,1.70499996189028,1.24999997206032,0,0,1.70499996189028,0,0,0,0,0,0,0,0.287499993573874,0,0,0,0,0.772499982733279,0,0,0,0,0,0,0,0.329999992623925,0,0,0,0,1.70499996189028,0,0,10.0249997759238,0,0,0,0,0,0.329999992623925,0,0,0,0,0,1.70499996189028,1.70499996189028,0,0,0,0,0,0,0,0,0,0.707499984186143,0,0.772499982733279,0,0,0,0,0,0,0,0
1852-01-01,1.70999996177852,0,0,0,0,0,0,0.289999993517995,0,0,0,1.70999996177852,1.25999997183681,0,0,1.70999996177852,0,0,0,0,0,0,0,0.289999993517995,0,0,0,0,0.777499982621521,0,0,0,0,0,0,0,0.344999992288649,0,0,0,0,1.70999996177852,0,0,10.0624997750856,0,0,0,0,0,0.344999992288649,0,0,0,0,0,1.70999996177852,1.70999996177852,0,0,0,0,0,0,0,0,0,0.707499984186143,0,0.777499982621521,0,0,0,0,0,0,0,0
1853-01-01,1.71499996166676,0,0,0,0,0,0,0.297499993350357,0,0,0,1.71499996166676,1.26249997178093,0,0,1.71499996166676,0,0,0,0,0,0,0,0.297499993350357,0,0,0,0,0.779999982565641,0,0,0,0,0,0,0,0.362499991897494,0,0,0,0,1.71499996166676,0,0,10.0999997742474,0,0,0,0,0,0.362499991897494,0,0,0,0,0,1.71499996166676,1.71499996166676,0,0,0,0,0,0,0,0,0,0.707499984186143,0,0.779999982565641,0,0,0,0,0,0,0,0
1854-01-01,1.71749996161088,0,0,0,0,0,0,0.304999993182719,0,0,0,1.71749996161088,1.27249997155741,0,0,1.71749996161088,0,0,0.869999980553985,0,0,0,0,0.304999993182719,0,0,0,0,0.784999982453883,0,0,0,0,0,0,0,0.379999991506338,0,0,0,0,1.71749996161088,0,0,10.1374997734092,0,0,0,0,0,0.379999991506338,0,0,0,0,0,1.71749996161088,1.71749996161088,0,0,0,0,0,0,0,0,0,0.707499984186143,0,0.784999982453883,0,0,0,0,0,0,0,0
1855-01-01,1.719999961555,0,0,0,0,0,0,0.30999999307096,0,0,0,1.719999961555,1.27499997150153,0,0,1.719999961555,0,0,1.34749996988103,0,0,0,0,0.30999999307096,0,0,0,0,0.787499982398003,0,0,0,0,0,0,0,0.397499991115183,0,0,0,0,1.719999961555,0,0,10.174999772571,0,0,0,0,0,0.397499991115183,0,0,0,0,0,1.719999961555,1.719999961555,0,0,0,0,0,0,0,0,0,0.707499984186143,0,0.787499982398003,0,0,0,0,0,0,0,0
1856-01-01,1.72499996144325,0,0,0,0,0,0,0.314999992959201,0,0,0,1.72499996144325,1.28249997133389,0,0,1.72499996144325,0,0,1.53999996557832,0,0,0,0,0.314999992959201,0,0,0,0,0.792499982286245,0,0,0,0,0,0,0,0.414999990724027,0,0,0,0,1.72499996144325,0,0,10.2124997717328,0,0,0,0,0,0.414999990724027,0,0,0,0,0,1.72499996144325,1.72499996144325,0,0,0,0,0,0,0,0,0,0.707499984186143,0,0.792499982286245,0,0,0,0,0,0,0,0
1857-01-01,1.72749996138737,0,0,0,0,0,0,0.317499992903322,0,0,0,1.72749996138737,1.29249997111037,0,0,1.72749996138737,0,0,1.78749996004626,0,0,0,0,0.317499992903322,0,0,0,0,0.797499982174486,0,0,0,0,0,0,0,0.432499990332872,0,0,0,0,1.72749996138737,0,0,10.2474997709505,0,0,0,0,0,0.432499990332872,0,0,0,0,0,1.72749996138737,1.72749996138737,0,0,0,0,0,0,0,0,0,0.707499984186143,0,0.797499982174486,0,0,0,0,0,0,0,0
1858-01-01,1.73249996127561,0,0,0,0,0,0,0.322499992791563,0,0,0,1.73249996127561,1.29749997099862,0,0,1.73249996127561,0,0,2.04249995434657,0,0,0,0,0.322499992791563,0,0,0,0,0.799999982118607,0,0,0,0,0,0,0,0.449999989941716,0,0,0,0,1.73249996127561,0,0,10.2874997700565,0,0,0,0,0,0.449999989941716,0,0,0,0,0,1.73249996127561,1.73249996127561,0,0,0,0,0,0,0,0,0,0.707499984186143,0,0.799999982118607,0,0,0,0,0,0,0,0
1859-01-01,1.73499996121973,0,0,0,0,0,0,0.327499992679805,0,0,0,1.73499996121973,1.30499997083098,0,0,1.73499996121973,0,0,2.29749994864687,0,0,0,0,0.327499992679805,0,0,0,0,0.804999982006848,0,0,0,0,0,0,0,0.467499989550561,0,0,0,0,1.73499996121973,0,0,10.3249997692183,0,0,0,0,0,0.467499989550561,0,0,0,0,0,1.73499996121973,1.73499996121973,0,0,0,0,0,0,0,0,0,0.707499984186143,0,0.804999982006848,0,0,0,0,0,0,0,0
1860-01-01,1.76999996043742,0,0,0,0,0,0,0.729999983683228,0,0,0,1.76999996043742,1.31249997066334,0,0,1.76999996043742,0,0,2.4949999442324,0,0,0,0,0.729999983683228,0,0,0,0,0.809999981895089,0,0,0,0,0,0,0,0.484999989159405,0,0,0,0,1.76999996043742,0,0,10.3624997683801,0,0,0,0,0,0.484999989159405,0,0,0,0,0,1.76999996043742,1.76999996043742,0,0,0,0,0,0,0,0,0,0.707499984186143,0,0.809999981895089,0,0,0,0,0,0,0,0
1861-01-01,1.80249995971099,0,0,0,0,0,0,1.48249996686354,0,0,0,1.80249995971099,1.32499997038394,0,0,1.80249995971099,0,0,3.56749992026016,0.257499994244426,0,0,0,1.48249996686354,0,0,0,0,0.817499981727451,0,0,0,0,0,0,0,0.499999988824129,0,0,0,0,1.80249995971099,0,0,10.402499767486,0,0,0,0,0,0.499999988824129,0,0,0,0,0,1.80249995971099,1.80249995971099,0,0,0,0,0,0,0,0,0,0.707499984186143,0,0.817499981727451,0,0,0,0,0,0,0,0
1862-01-01,1.83499995898455,0,0,0,0,0,0,2.05499995406717,0,0,0,1.83499995898455,1.34249996999279,0,0,1.83499995898455,0,0,4.33749990304932,0.259999994188547,0,0,0,2.05499995406717,0,0,0,0,0.827499981503934,0,0,0,0,0,0,0,0.507499988656491,0,0,0,0,1.83499995898455,0,0,10.4399997666478,0,0,0,0,0,0.507499988656491,0,0,0,0,0,1.83499995898455,1.83499995898455,0,0,0,0,0,0,0,0,0,0.707499984186143,0,0.827499981503934,0,0,0,0,0,0,0,0
1863-01-01,1.86749995825812,0,0,0,0,0,0,2.46499994490296,0,0,0,1.86749995825812,1.35499996971339,0,0,1.86749995825812,0,0,5.39999987930059,0.264999994076788,0,0,0,2.46499994490296,0,0,0,0,0.834999981336296,0,0,0,0,0,0,0,0.517499988432974,0,0,0,0,1.86749995825812,0,0,10.4749997658655,0,0,0,0,0,0.517499988432974,0,0,0,0,0,1.86749995825812,1.86749995825812,0,0,0,0,0,0,0,0,0,0.707499984186143,0,0.834999981336296,0,0,0,0,0,0,0,0
1864-01-01,1.89999995753169,0,0,0,0,0,0,2.93249993445352,0,0,0,1.89999995753169,1.36999996937811,0,0,1.89999995753169,0,0,6.1874998616986,0.26999999396503,0,0,0,2.93249993445352,0,0,0,0,0.842499981168658,0,0,0,0,0,0,0,0.524999988265336,0,0,0,0,1.89999995753169,0,0,9.759999781847,0,0,0,0,0,0.524999988265336,0,0,0,0,0,1.89999995753169,1.89999995753169,0,0,0,0,0,0,0,0,0,0.707499984186143,0,0.842499981168658,0,0,0,0,0,0,0,0
1865-01-01,1.92999995686114,0,0,0,0,0,0,3.27749992674217,0,0,0,1.92999995686114,1.38499996904284,0,0,1.92999995686114,0,0,7.01999984309077,0.527499988209456,0,0,0,3.27749992674217,0,0,0,0,0.85249998094514,0,0,0,0,0,0,0,0.787499982398003,0,0,0,0,1.92999995686114,0,0,9.79499978106469,0,0,0,0,0,0.787499982398003,0,0,0,0,0,1.92999995686114,1.92999995686114,0,0,0,0,0,0,0,0,0,0.707499984186143,0,0.85249998094514,0,0,0,0,0,0,0,0
1866-01-01,1.81499995943159,0,0,0,0,0,0,3.70999991707504,0,0,0,1.81499995943159,1.39999996870756,0,0,1.81499995943159,0,0,8.07999981939793,0.537499987985939,0,0,0,3.70999991707504,0,0,0,0,0.859999980777502,0,0,0,0,0,0,0,0.799999982118607,0,0,0,0,1.81499995943159,0,0,9.82749978033826,0,0,0,0,0,0.799999982118607,0,0,0,0,0,1.81499995943159,1.81499995943159,0,0,0,0,0,0,0,0,0,0.707499984186143,0,0.859999980777502,0,0,0,0,0,0,0,0
1867-01-01,1.69999996200204,0,0,0,0,0,0,4.02999990992248,0,0,0,1.69999996200204,1.41499996837229,0,0,1.69999996200204,0,0,8.86749980179593,0.547499987762421,0,0,0,4.02999990992248,0,0,0,0,0.869999980553985,0,0,0,0,0,0,0,0.81499998178333,0,0,0,0,1.69999996200204,0,0,9.86499977950007,0,0,0,0,0,0.81499998178333,0,0,0,0,0,1.69999996200204,1.69999996200204,0,0,0,0,0,0,0,0,0,0.707499984186143,0,0.869999980553985,0,0,0,0,0,0,0,0
1868-01-01,1.58499996457249,0,0,0,0,0,0,4.07499990891665,0,0,0,1.58499996457249,1.42749996809289,0,0,1.58499996457249,0,0,8.95999979972839,0.557499987538904,0,0,0,4.07499990891665,0,0,0,0,0.877499980386347,0,0,0,0,0,0,0,0.829999981448054,0,0,0,0,1.58499996457249,0,0,8.98749979911372,0,0,0,0,0,0.829999981448054,0,0,0,0,0,1.58499996457249,1.58499996457249,0,0,0,0,0,0,0,0,0,0.707499984186143,0,0.877499980386347,0,0,0,0,0,0,0,0
1869-01-01,1.58999996446073,0,0,0,0,0,0,4.14499990735203,0,0,0,1.58999996446073,1.44499996770173,0,0,1.58999996446073,0,0,9.10749979643151,0.567499987315387,0,0,0,4.14499990735203,0,0,0,0,0.887499980162829,0,0,0,0,0,0,0,0.847499981056899,0,0,0,0,1.58999996446073,0,0,9.01999979838729,0,0,0,0,0,0.847499981056899,0,0,0,0,0,1.58999996446073,1.58999996446073,0,0,0,0,0,0,0,0,0,0.707499984186143,0,0.887499980162829,0,0,0,0,0,0,0,0
1870-01-01,1.59499996434897,0,0,0,0,0,0,4.28749990416691,0,0,0,1.59499996434897,1.46249996731058,0,0,1.59499996434897,0,0,9.38749979017302,0.577499987091869,0,0,0,4.28749990416691,0,0,0,0,0.897499979939312,0,0,0,0,0,0,0,0.867499980609864,0,0,0,0,1.59499996434897,0,0,9.05249979766086,0,0,0,0,0,0.867499980609864,0,0,0,0,0,1.59499996434897,1.59499996434897,0,0,0,0,0,0,0,0,0,0.707499984186143,0,0.897499979939312,0,0,0,0,0,0,0,0
1871-01-01,1.59999996423721,0,0,0,0,0,0,4.46749990014359,0,0,0,1.59999996423721,1.47499996703118,0,0,1.59999996423721,0,0,9.7474997821264,0.587499986868352,0,0,0,4.46749990014359,0,0,0,0,0.904999979771674,0,0,0,0,0,0,0,0.88999998010695,0,0,0,0,1.59999996423721,0,0,9.08499979693443,0,0,0,0,0,0.88999998010695,0,0,0,0,0,1.59999996423721,1.59999996423721,0,0,0,0,0,0,0,0,0,0.707499984186143,0,0.904999979771674,0,0,0,0,0,0,0,0
1872-01-01,1.60249996418133,0,0,0,0,0,0,4.63249989645556,0,0,0,1.60249996418133,1.4899999666959,0,0,1.60249996418133,0,0,10.0874997745268,0.604999986477196,0,0,0,4.63249989645556,0,0,0,0,0.914999979548156,0,0,0,0,0,0,0,0.922499979380518,0,0,0,0,1.60249996418133,0,0,9.11999979615211,0,0,0,0,0,0.922499979380518,0,0,0,0,0,1.60249996418133,1.60249996418133,0,0,0,0,0,0,0,0,0,0.707499984186143,0,0.914999979548156,0,0,0,0,0,0,0,0
1873-01-01,1.60749996406958,0,0,0,0,0,0,4.73249989422038,0,0,0,1.60749996406958,1.50499996636063,0,0,1.60749996406958,0,0,10.2924997699447,0.624999986030161,0,0,0,4.73249989422038,0,0,0,0,0.922499979380518,0,0,0,0,0,0,0,0.952499978709966,0,0,0,0,1.60749996406958,0,0,9.14999979548156,0,0,0,0,0,0.952499978709966,0,0,0,0,0,1.60749996406958,1.60749996406958,0,0,0,0,0,0,0,0,0,0.707499984186143,0,0.922499979380518,0,0,0,0,0,0,0,0
1874-01-01,1.61249996395782,0,0,0,0,0,0,4.807499892544,0,0,0,1.61249996395782,1.51999996602535,0,0,1.61249996395782,0,0,10.4499997664243,0.644999985583127,0,0,0,4.807499892544,0,0,0,0,0.932499979157001,0,0,0,0,0,0,0,0.979999978095293,0,0,0,0,1.61249996395782,0,0,9.16249979520217,0,0,0,0,0,0.979999978095293,0,0,0,0,0,1.61249996395782,1.61249996395782,0,0,0,0,0,0,0,0,0,0.709999984130263,0,0.932499979157001,0,0,0,0,0,0,0,0
1875-01-01,1.61749996384606,0,0,0,0,0,0,4.82249989220873,0,0,0,1.61749996384606,1.5374999656342,0,0,1.61749996384606,0,0,10.4824997656979,0.667499985080212,0,0,0,4.82249989220873,0,0,0,0,0.942499978933483,0,0,0,0,0,0,0,1.0049999775365,0,0,0,0,1.61749996384606,0,0,9.17249979497865,0,0,0,0,0,1.0049999775365,0,0,0,0,0,1.61749996384606,1.61749996384606,0,0,0,0,0,0,0,0,0,0.709999984130263,0,0.942499978933483,0,0,0,0,0,0,0,0
1876-01-01,1.6224999637343,0,0,0,0,0,0,4.90499989036471,0,0,0,1.6224999637343,1.5499999653548,0,0,1.6224999637343,0,0,10.6524997618981,0.687499984633178,0,0,0,4.90499989036471,0,0,0,0,0.949999978765845,0,0,0,0,0,0,0,1.03499997686595,0,0,0,0,1.6224999637343,0,0,9.18499979469925,0,0,0,0,0,1.03499997686595,0,0,0,0,0,1.6224999637343,1.6224999637343,0,0,0,0,0,0,0,0,0,0.709999984130263,0,0.949999978765845,0,0,0,0,0,0,0,0
1877-01-01,1.62749996362254,0,0,0,0,0,0,5.1099998857826,0,0,0,1.62749996362254,1.56749996496364,0,0,1.62749996362254,0,0,11.0624997527339,0.704999984242022,0,0,0,5.1099998857826,0,0,0,0,0.959999978542328,0,0,0,0,0,0,0,1.06999997608364,0,0,0,0,1.62749996362254,0,0,9.19499979447573,0,0,0,0,0,1.06999997608364,0,0,0,0,0,1.62749996362254,1.62749996362254,0,0,0,0,0,0,0,0,0,0.712499984074384,0,0.959999978542328,0,0,0,0,0,0,0,0
1878-01-01,1.63249996351078,0,0,0,0,0,0,5.39749987935647,0,0,0,1.63249996351078,1.57999996468425,0,0,1.63249996351078,0,0,11.644999739714,0.724999983794987,0,0,0,5.39749987935647,0,0,0,0,0.96749997837469,0,0,0,0,0,0,0,1.10999997518957,0,0,0,0,1.63249996351078,0,0,9.20749979419634,0,0,0,0,0,1.10999997518957,0,0,0,0,0,1.63249996351078,1.63249996351078,0,0,0,0,0,0,0,0,0,0.712499984074384,0,0.96749997837469,0,0,0,0,0,0,0,0
1879-01-01,1.63749996339902,0,0,0,0,0,0,5.60499987471849,0,0,0,1.63749996339902,1.59749996429309,0,0,1.63749996339902,0,0,12.0699997302145,0.744999983347952,0,0,0,5.60499987471849,0,0,0,0,0.977499978151172,0,0,0,0,0,0,0,1.39749996876344,0,0,0,0,1.63749996339902,0,0,9.21999979391694,0,0,0,0,0,1.39749996876344,0,0,0,0,0,1.63749996339902,1.63749996339902,0,0,0,0,0,0,0,0,0,0.712499984074384,0,0.977499978151172,0,0,0,0,0,0,0,0
1880-01-01,1.64249996328726,0,0,0,0,0,0,5.80999987013638,0,0,0,1.64249996328726,1.61249996395782,0,0,1.64249996328726,0,0,12.4824997209944,0.764999982900918,0,0,0,5.80999987013638,0,0,0,0,0.987499977927655,0,0,0,0,0,0,0,1.44749996764585,0,0,0,0,1.64249996328726,0,0,9.23249979363754,0,0,0,0,0,1.44749996764585,0,0,0,0,0,1.64249996328726,1.64249996328726,0,0,0,0,0,0,0,0,0,0.714999984018505,0,0.987499977927655,0,0,0,0,0,0,0,0
1881-01-01,1.64749996317551,0,0,0,0,0,0,5.90249986806884,0,0,0,1.64749996317551,1.65999996289611,0,0,1.64749996317551,0,0,12.6724997167476,0.782499982509762,0,0,0,5.90249986806884,0,0,0,0,1.01499997731298,0,0,0,0,0,0,0,1.47999996691942,0,0,0,0,1.64749996317551,0,0,9.24249979341403,0,0,0,0,0,1.47999996691942,0,0,0,0,0,1.64749996317551,1.64749996317551,0,0,0,0,0,0,0,0,0,0.714999984018505,0,1.01499997731298,0,0,0,0,0,0,0,0
1882-01-01,1.65249996306375,0,0,0,0,0,0,6.01499986555427,0,0,0,1.65249996306375,1.71249996172264,0,0,1.65249996306375,0,0,12.9024997116067,0.802499982062727,0,0,0,6.01499986555427,0,0,0,0,1.04499997664243,0,0,0,0,0,0,0,1.51749996608123,0,0,0,0,1.65249996306375,0,0,8.32749981386587,0,0,0,0,0,1.51749996608123,0,0,0,0,0,1.65249996306375,1.65249996306375,0,0,0,0,0,0,0,0,0,0.714999984018505,0,1.04499997664243,0,0,0,0,0,0,0,0
1883-01-01,1.65749996295199,0,0,0,0,0,0,6.1999998614192,0,0,0,1.65749996295199,1.75749996071681,0,0,1.65749996295199,0,0,13.2774997032247,0.822499981615692,0,0,0,6.1999998614192,0,0,0,0,1.07249997602776,0,0,0,0,0,0,0,1.5624999650754,0,0,0,0,1.65749996295199,0,0,8.33999981358647,0,0,0,0,0,1.5624999650754,0,0,0,0,0,1.65749996295199,1.65749996295199,0,0,0,0,0,0,0,0,0,0.712499984074384,0,1.07249997602776,0,0,0,0,0,0,0,0
1884-01-01,1.65999996289611,0,0,0,0,0,0,6.48249985510483,0,0,0,1.65999996289611,1.80749995959923,0,0,1.65999996289611,0,0,13.8674996900372,0.837499981280416,0,0,0,6.48249985510483,0,0,0,0,1.1024999753572,0,0,0,0,0,0,0,1.61749996384606,0,0,0,0,1.65999996289611,0,0,8.34999981336296,0,0,0,0,0,1.61749996384606,0,0,0,0,0,1.65999996289611,1.65999996289611,0,0,0,0,0,0,0,0,0,0.712499984074384,0,1.1024999753572,0,0,0,0,0,0,0,0
1885-01-01,1.66499996278435,0,0,0,0,0,0,6.76499984879047,0,0,0,1.66499996278435,1.85749995848164,0,0,1.66499996278435,0,0,14.4499996770173,0.857499980833381,0,0,0,6.76499984879047,0,0,0,0,1.13249997468665,0,0,0,0,0,0,0,1.67499996256083,0,0,0,0,1.66499996278435,0,0,8.35999981313944,0,0,0,0,0,1.67499996256083,0,0,0,0,0,1.66499996278435,1.66499996278435,0,0,0,0,0,0,0,0,0,0.712499984074384,0,1.13249997468665,0,0,0,0,0,0,0,0
1886-01-01,1.66999996267259,0,0,0,0,0,0,6.962499844376,0,0,0,1.66999996267259,1.90499995741993,0,0,1.66999996267259,0,0,14.8649996677414,0.877499980386347,0,0,0,6.962499844376,0,0,0,0,1.15999997407198,0.257499994244426,0.257499994244426,0,0,0,0,0,1.72249996149912,0,0,0,0,1.66999996267259,0,0,8.36999981291592,0,0,0,0,0,1.72249996149912,0,0,0,0,0,1.66999996267259,1.66999996267259,0.343333325659235,0.343333325659235,0,0,0,0,0,0,0,0.712499984074384,0,1.15999997407198,0,0,0,0,0,0,0,0
1887-01-01,1.67499996256083,0,0,0,0,0,0,7.07999984174967,0,0,0,1.67499996256083,1.95499995630234,0,0,1.67499996256083,0,0,15.1149996621534,0.894999979995191,0,0,0,7.07999984174967,0,0,0,0,1.18999997340143,0.262499994132668,0.262499994132668,0,0,0,0,0,1.75999996066093,0,0,0,0,1.67499996256083,0,0,8.38249981263652,0,0,0,0,0,1.75999996066093,0,0,0,0,0,1.67499996256083,1.67499996256083,0.34999999217689,0.34999999217689,0,0,0,0,0,0,0,0.712499984074384,0,1.18999997340143,0,0,0,0,0,0,0,0
1888-01-01,1.67999996244907,0,0,0,0,0,0,7.28249983722344,0,0,0,1.67999996244907,2.00249995524064,0,0,1.67999996244907,0,0,15.5324996528216,0.914999979548156,0,0,0,7.28249983722344,0,0,0,0,1.21749997278675,0.27249999390915,0.27249999390915,0,0,0,0,0,1.80749995959923,0,0,0,0,1.67999996244907,0,0,8.38999981246889,0,0,0,0,0,1.80749995959923,0,0,0,0,0,1.67999996244907,1.67999996244907,0.3633333252122,0.3633333252122,0,0,0,0,0,0,0,0.712499984074384,0,1.21749997278675,0,0,0,0,0,0,0,0
1889-01-01,1.68499996233732,0,0,0,0,0,0,7.41749983420596,0,0,0,1.68499996233732,2.04999995417893,0,0,1.68499996233732,0,0,15.8149996465072,0.934999979101121,0,0,0,7.41749983420596,0,0,0,0,1.24499997217208,0.279999993741512,0.279999993741512,0,0,0,0,0,1.84749995870516,0,0,0,0,1.68499996233732,0,0,8.39999981224537,0,0,0,0,0,1.84749995870516,0,0,0,0,0,1.68499996233732,1.68499996233732,0.373333324988683,0.373333324988683,0,0,0,0,0,0,0,0.712499984074384,0,1.24499997217208,0,0,0,0,0,0,0,0
1890-01-01,1.68999996222556,0,0,0,0,0,0,7.604999830015,0,0,0,1.68999996222556,2.09749995311722,0,0,1.68999996222556,0,0,16.2074996377341,0.952499978709966,0,0,0,7.604999830015,0,0,0,0,1.27499997150153,0.287499993573874,0.287499993573874,0,0,0,0,0,1.88999995775521,0,0,0,0,1.68999996222556,0,0,8.41249981196597,0,0,0,0,0,1.88999995775521,0,0,0,0,0,1.68999996222556,1.68999996222556,0.383333324765166,0.383333324765166,0,0,0,0,0,0,0,0.712499984074384,0,1.27499997150153,0,0,0,0,0,0,0,0
1891-01-01,1.6949999621138,0,0,0,0,0,0,7.62999982945621,0,0,0,1.6949999621138,2.13999995216727,0,0,1.6949999621138,0,0,16.2599996365607,0.972499978262931,0,0,0,7.62999982945621,0,0,0,0,1.29999997094274,0.287499993573874,0.287499993573874,0,0,0,0,0,1.91749995714054,0,0,0,0,1.6949999621138,0,0,8.41999981179833,0,0,0,0,0,1.91749995714054,0,0,0,0,0,1.6949999621138,1.6949999621138,0.383333324765166,0.383333324765166,0,0,0,0,0,0,0,0.712499984074384,0,1.29999997094274,0,0,0,0,0,0,0,0
1892-01-01,1.6949999621138,0,0,0,0.249999994412065,0,0,7.45749983331189,0,0,0,1.6949999621138,2.18499995116144,0,0,1.6949999621138,0,0,15.9299996439368,1.00749997748062,0,0,0,7.45749983331189,0,0,0,0,1.32499997038394,0.279999993741512,0.279999993741512,0,0,0,0,0,1.93999995663762,0,0,0,0,1.6949999621138,0,0,8.43249981151894,0,0,0,0,0,1.93999995663762,0,0,0,0,0,1.6949999621138,1.6949999621138,0.373333324988683,0.373333324988683,0,0,0,0,0,0,0,0.712499984074384,0,1.32499997038394,0,0,0,0,0,0,0,0
1893-01-01,1.6949999621138,0,0,0,0.252499994356185,0,0,7.19999983906746,0,0,0,1.6949999621138,2.2274999502115,0,0,1.6949999621138,0,0,15.4274996551685,1.03999997675419,0,0,0,7.19999983906746,0,0,0,0,1.34999996982515,0.264999994076788,0.264999994076788,0,0,0,0,0,1.9499999564141,0,0,0,0,1.6949999621138,0,0,8.4399998113513,0,0,0,0,0,1.9499999564141,0,0,0,0,0,1.6949999621138,1.6949999621138,0.353333325435718,0.353333325435718,0,0,0,0,0,0,0,0.712499984074384,0,1.34999996982515,0,0,0,0,0,0,0,0
1894-01-01,1.6949999621138,0,0,0,0.257499994244426,0,0,6.99749984359369,0,0,0,1.6949999621138,2.27249994920567,0,0,1.6949999621138,0,0,15.0349996639416,1.077499975916,0,0,0,6.99749984359369,0,0,0,0,1.37749996921048,0.257499994244426,0.257499994244426,0,0,0,0,0,1.97249995591119,0,0,0,0,1.6949999621138,0,0,8.47749981051311,0,0,0,0,0,1.97249995591119,0,0,0,0,0,1.6949999621138,1.6949999621138,0.343333325659235,0.343333325659235,0,0,0,0,0,0,0,0.712499984074384,0,1.37749996921048,0,0,0,0,0,0,0,0
1895-01-01,1.6949999621138,0,0,0,0.259999994188547,0,0,6.84249984705821,0,0,0,1.6949999621138,2.30999994836748,0,0,1.6949999621138,0,0,14.732499670703,1.10999997518957,0,0,0,6.84249984705821,0,0,0,0,1.39999996870756,0,0,0,0,0,0,0,1.99249995546415,0,0,0,0,1.6949999621138,0,0,8.51999980956316,0,0,0,0,0,1.99249995546415,0,0,0,0,0,1.6949999621138,1.6949999621138,0,0,0,0,0,0,0,0,0,0.712499984074384,0,1.39999996870756,0,0,0,0,0,0,0,0
1896-01-01,1.6949999621138,0,0,0,0.264999994076788,0,0,6.84999984689057,0,0,0,1.6949999621138,2.35749994730577,0,0,1.6949999621138,0,0,14.7549996702,1.14249997446314,0,0,0,6.84999984689057,0,0,0,0,1.42749996809289,0,0,0,0,0,0,0,2.03499995451421,0,0,0,0,1.6949999621138,0,0,7.7624998264946,0,0,0,0,0,2.03499995451421,0,0,0,0,0,1.6949999621138,1.6949999621138,0,0,0,0,0,0,0,0,0,0.714999984018505,0,1.42749996809289,0,0,0,0,0,0,0,0
1897-01-01,1.6949999621138,0,0,0,0.27249999390915,0,0,6.99499984364957,0,0,0,1.6949999621138,2.39999994635582,0,0,1.6949999621138,0,0,15.0524996635504,1.17749997368082,0,0,0,6.99499984364957,0,0,0,0,1.4524999675341,0.254999994300306,0.254999994300306,0,0,0,0,0,2.09249995322898,0,0,0,0,1.6949999621138,0,0,7.79999982565641,0,0,0,0,0,2.09249995322898,0,0,0,0,0,1.6949999621138,1.6949999621138,0.339999992400408,0.339999992400408,0,0,0,0,0,0,0,0.714999984018505,0,1.4524999675341,0,0,0,0,0,0,0,0
1898-01-01,1.6949999621138,0,0,0,0.279999993741512,0,0,7.23999983817339,0,0,0,1.6949999621138,2.44499994534999,0,0,1.6949999621138,0,0,15.5499996524304,1.20999997295439,0,0,0,7.23999983817339,0,0,0,0,1.47999996691942,0.264999994076788,0.264999994076788,0,0,0,0,0,2.15999995172024,0,0,0,0,1.6949999621138,0,0,6.86249984661117,0,0,0,0,0,2.15999995172024,0,0,0,0,0,1.6949999621138,1.6949999621138,0.353333325435718,0.353333325435718,0,0,0,0,0,0,0,0.714999984018505,0,1.47999996691942,0,0,0,0,0,0,0,0
1899-01-01,1.6949999621138,0,0,0,0.287499993573874,0,0,7.47249983297661,0,0,0,1.6949999621138,2.48749994440004,0,0,1.6949999621138,0,0,16.0224996418692,1.24249997222796,0,0,0,7.47249983297661,0,0,0,0,1.50499996636063,0.277499993797392,0.277499993797392,0,0,0,0,0,2.2274999502115,0,0,0,0,1.6949999621138,0,0,6.8899998459965,0,0,0,0,0,2.2274999502115,0,0,0,0,0,1.6949999621138,1.6949999621138,0.369999991729856,0.369999991729856,0,0,0,0,0,0,0,0.714999984018505,0,1.50499996636063,0,0,0,0,0,0,0,0
1900-01-01,1.69249996216968,0.254999994300306,0,0,0,0,0.254999994300306,7.79999982565641,0,0,0,1.69249996216968,2.53499994333833,0,0,1.69249996216968,0,0,16.6899996269494,1.27499997150153,0.254999994300306,0,0,7.79999982565641,0,0,0,0,1.53249996574596,0.289999993517995,0.289999993517995,0,0,0,0,0,2.30499994847924,0,0,0,0,1.69249996216968,0,0,6.92249984527007,0,0,0,0,0,2.30499994847924,0,0,0,0,0,1.69249996216968,1.69249996216968,0.386666658023993,0.386666658023993,0,0,0,0,0,0,0,0.714999984018505,0,1.53249996574596,0,0,0,0,0,0,0,0.254999994300306
1901-01-01,1.69249996216968,0.512499988544732,0,0,0,0,0.512499988544732,8.02499982062727,0,0,0,1.69249996216968,2.68999993987381,0,0,1.69249996216968,0,0,17.1799996159971,1.3074999707751,0.512499988544732,0,0,8.02499982062727,0,0,0,0,1.62499996367842,0.299999993294477,0.299999993294477,0,0,0,0,0,2.37249994697049,0,0,0,0,1.69249996216968,0,0,6.95499984454364,0,0,0,0,0,2.37249994697049,0,0,0,0,0,1.69249996216968,1.69249996216968,0.399999991059303,0.399999991059303,0,0,0,0,0,0,0,0.714999984018505,0,1.62499996367842,0,0,0,0,0,0,0,0.512499988544732
1902-01-01,2.53499994333833,0.527499988209456,0,0,0,0,0.527499988209456,5.88749986840412,0,0,0,2.53499994333833,2.84749993635342,0,0,2.53499994333833,0,0,16.8949996223673,1.51749996608123,0.527499988209456,0,0,5.88749986840412,0,0,0,0,1.71749996161088,0.352499992121011,0.352499992121011,0,0,0,0,0,2.49249994428828,0,0,0,0,2.53499994333833,0,0,6.9874998438172,0,0,0,0,0,2.49249994428828,0,0,0,0,0,2.53499994333833,2.53499994333833,0.469999989494681,0.469999989494681,0,0,0,0,0,0,0,0.714999984018505,0,1.71749996161088,0,0,0,0,0,0,0,0.527499988209456
1903-01-01,2.53499994333833,0.264999994076788,0,0,0,0,0.264999994076788,5.9824998662807,0,0,0,2.53499994333833,3.00749993277714,0,0,2.53499994333833,0,0,17.69749960443,1.61499996390194,0.264999994076788,0,0,5.9824998662807,0,0,0,0,1.81249995948747,0.359999991953373,0.359999991953373,0,0,0,0,0,2.61749994149432,0,0,0,0,2.53499994333833,0,0,7.01749984314665,0,0,0,0,0,2.61749994149432,0,0,0,0,0,2.53499994333833,2.53499994333833,0.479999989271164,0.479999989271164,0,0,0,0,0,0,0,0.714999984018505,0,1.81249995948747,0,0,0,0,0,0,0,0.264999994076788
1904-01-01,3.38499992433935,0.26999999396503,0,0,0,0,0.26999999396503,3.78249991545454,0,0,0,3.38499992433935,3.16499992925674,0,0,3.38499992433935,0,0,17.964999598451,1.71249996172264,0.26999999396503,0,0,3.78249991545454,0,0,0,0,1.90499995741993,0.367499991785735,0.367499991785735,0,0,0,0,0,2.73999993875623,0,0,0,0,3.38499992433935,0,0,7.04999984242022,0,0,0,0,0,2.73999993875623,0,0,0,0,0,3.38499992433935,3.38499992433935,0.489999989047647,0.489999989047647,0,0,0,0,0,0,0,0.712499984074384,0,1.90499995741993,0,0,0,0,0,0,0,0.26999999396503
1905-01-01,2.53499994333833,0.557499987538904,0,0,0,0,0.557499987538904,4.84749989164993,0,0,0,2.53499994333833,3.32249992573634,0,0,2.53499994333833,0,0,17.4549996098503,1.66749996272847,0.557499987538904,0,0,4.84749989164993,0,0,0,0,1.99999995529652,0.34999999217689,0.34999999217689,0,0,0,0,0,2.81249993713573,0,0,0,0,2.53499994333833,0,0,6.09249986382201,0,0,0,0,0,2.81249993713573,0,0,0,0,0,2.53499994333833,2.53499994333833,0.466666656235854,0.466666656235854,0,0,0,0,0,0,0,0.712499984074384,0,1.99999995529652,0,0,0,0,0,0,0,0.557499987538904
1906-01-01,2.62249994138256,0.297499993350357,0,0,0,0,0.297499993350357,3.63999991863966,0,0,0,2.62249994138256,3.5724999201484,0,0,2.62249994138256,0,0,17.3774996115826,1.75999996066093,0.297499993350357,0,0,3.63999991863966,0,0,0,0,2.09249995322898,0.344999992288649,0.344999992288649,0,0,0,0,0,2.91499993484467,0,0,0,0,2.62249994138256,0,0,6.11999986320734,0,0,0,0,0,2.91499993484467,0,0,0,0,0,2.62249994138256,2.62249994138256,0.459999989718199,0.459999989718199,0,0,0,0,0,0,0,0.669999985024333,0,2.09249995322898,0,0,0,0,0,0,0,0.297499993350357
1907-01-01,1.72999996133149,0.564999987371266,0,0,0.444999990053475,0,0.564999987371266,3.61499991919845,0,0,0,1.72999996133149,3.84499991405755,0,0,1.72999996133149,0,0,17.2699996139854,1.78499996010214,0.564999987371266,0,0,3.61499991919845,0,0,0,0,2.18749995110556,0.292499993462116,0.292499993462116,0,0,0,0,0,2.93999993428588,0,0,0,0,1.72999996133149,0,0,6.14749986259267,0,0,0,0,0,2.93999993428588,0,0,0,0,0,1.72999996133149,1.72999996133149,0.389999991282821,0.389999991282821,0,0,0,0,0,0,0,0.672499984968454,0,2.18749995110556,0,0,0,0,0,0,0,0.564999987371266
1908-01-01,0.887499980162829,0.294999993406236,0,0,0.439999990165234,0,0.294999993406236,4.73749989410862,0,0,0,0.887499980162829,4.12749990774319,0,0,0.887499980162829,0,0,17.1024996177293,1.76999996043742,0.294999993406236,0,0,4.73749989410862,0,0,0,0,2.27999994903803,0.289999993517995,0.289999993517995,0,0,0,0,0,2.91249993490055,0,0,0,0,0.887499980162829,0,0,7.17749983957037,0,0,0,0,0,2.91249993490055,0,0,0,0,0,0.887499980162829,0.887499980162829,0.386666658023993,0.386666658023993,0,0,0,0,0,0,0,0.672499984968454,0,2.27999994903803,0,0,0,0,0,0,0,0.294999993406236
1909-01-01,0,0.289999993517995,0,0,0.429999990388751,0,0.289999993517995,1.78249996015802,0,0,0,0,4.29249990405515,0,0,0,0,0,17.0074996198528,1.70249996194616,0.289999993517995,0,0,1.78249996015802,0,0,0,0,2.36999994702637,0.287499993573874,0.287499993573874,0,0,0,0,0,2.82749993680045,0,0,0,0,0,0,0,6.20499986130744,0,0,0,0,0,2.82749993680045,0,0,0,0,0,0,0,0.383333324765166,0.383333324765166,0,0,0,0,0,0,0,0.672499984968454,0,2.36999994702637,0,0,0,0,0,0,0,0.289999993517995
1910-01-01,0,0.344999992288649,0,0,0.42749999044463,0,0.344999992288649,2.88499993551522,0,0,0,0,4.46999990008771,0,0,0,0,0,16.7499996256083,1.70249996194616,0.344999992288649,0,0,2.88499993551522,0,0,0,0,2.46749994484708,0.279999993741512,0.279999993741512,0,0,0,0,0,2.81249993713573,0,0,0,0,0,0,0,6.22999986074865,0,0,0,0,0,2.81249993713573,0,0,0,0,0,0,0,0.373333324988683,0.373333324988683,0,0,0,0,0,0,0,0.672499984968454,0,2.46749994484708,0,0,0,0,0,0,0,0.344999992288649
1911-01-01,0,0.287499993573874,0,0,0.432499990332872,0,0.287499993573874,4.55999989807606,0,0,0,0,4.33749990304932,0,0,0,0,0,16.4974996312521,1.73999996110797,0.287499993573874,0,0,4.55999989807606,0,0,0,0,2.46499994490296,0.274999993853271,0.274999993853271,0,0,0,0,0,2.83999993652105,0,0,0,0,0,0,0,7.27249983744696,0,0,0,0,0,2.83999993652105,0,0,0,0,0,0,0,0.366666658471028,0.366666658471028,0,0,0,0,0,0,0,0.65999998524785,0,2.46499994490296,0,0,0,0,0,0,0,0.287499993573874
1912-01-01,0,0.287499993573874,0,0,0.437499990221113,0,0.287499993573874,4.45499990042299,0,0,0,0,4.33249990316108,0,0,0,0,0,16.1599996387959,1.79499995987862,0.287499993573874,0,0,4.45499990042299,0,0,0,0,2.46249994495884,0.264999994076788,0.264999994076788,0,0,0,0,0,2.87999993562698,0,0,0,0,0,0,0,7.30499983672053,0,0,0,0,0,2.87999993562698,0,0,0,0,0,0,0,0.353333325435718,0.353333325435718,0,0,0,0,0,0,0,0.672499984968454,0,2.46249994495884,0,0,0,0,0,0,0,0.287499993573874
1913-01-01,0,0.292499993462116,0,0,0.447499989997596,0,0.292499993462116,5.42999987863004,0,0,0,0,4.32749990327284,0,0,0,0,0,16.2699996363372,1.85499995853752,0.292499993462116,0,0,5.42999987863004,0,0,0,0,2.45999994501472,0.267499994020909,0.267499994020909,0,0,0,0,0,2.9549999339506,0,0,0,0,0,0,0,7.33249983610585,0,0,0,0,0,2.9549999339506,0,0,0,0,0,0,0,0.356666658694545,0.356666658694545,0,0,0,0,0,0,0,0.672499984968454,0,2.45999994501472,0,0,0,0,0,0,0,0.292499993462116
1914-01-01,0,0.564999987371266,0,0,0.379999991506338,0,0.564999987371266,3.84499991405755,0,0,0,0,4.31999990344048,0,0,0,0,0,16.7199996262789,1.89249995769933,0.564999987371266,0,0,3.84499991405755,0,0,0,0,2.45749994507059,0.277499993797392,0.277499993797392,0,0,0,0,0,3.02499993238598,0,0,0,0,0,0,0,7.36749983532354,0,0,0,0,0,3.02499993238598,0,0,0,0,0,0,0,0.369999991729856,0.369999991729856,0,0,0,0,0,0,0,0.65999998524785,0,2.45749994507059,0,0,0,0,0,0,0,0.564999987371266
1915-01-01,0,0.584999986924231,0,0,0.394999991171062,0,0.584999986924231,5.83749986952171,0,0,0,0,4.31499990355223,0,0,0,0,0,17.4349996102974,1.96499995607883,0.584999986924231,0,0,5.83749986952171,0,0,0,0,2.45499994512647,0.292499993462116,0.292499993462116,0,0,0,0,0,3.15749992942438,0,0,0,0,0,0,0,9.29499979224056,0,0,0,0,0,3.15749992942438,0,0,0,0,0,0,0,0.389999991282821,0.389999991282821,0,0,0,0,0,0,0,0.672499984968454,0,2.45499994512647,0,0,0,0,0,0,0,0.584999986924231
1916-01-01,0,0.607499986421317,0,0,0.489999989047647,0,0.607499986421317,4.16999990679324,0,0,0,0,4.29249990405515,0,0,0,0,0,18.0499995965511,2.03249995457008,0.607499986421317,0,0,4.16999990679324,0,0,0,0,2.43999994546175,0.354999992065132,0.354999992065132,0,0,0,0,0,3.27499992679805,0,0,0,0,0,0,0,9.33499979134649,0,0,0,0,0,3.27499992679805,0,0,0,0,0,0,0,0.473333322753509,0.473333322753509,0,0,0,0,0,0,0,0.672499984968454,0,2.43999994546175,0,0,0,0,0,0,0,0.607499986421317
1917-01-01,0,0.292499993462116,0,0,0,0,0.292499993462116,4.30749990371987,0,0,0,0,4.27749990439042,0,0,0,0,0,18.6299995835871,2.08749995334074,0.292499993462116,0,0,4.30749990371987,0,0,0,0,2.43249994562939,0.369999991729856,0.369999991729856,0,0,0,0,0,3.37249992461875,0,0,0,0,0,0,0,9.38249979028478,0,0,0,0,0,3.37249992461875,0,0,0,0,0,0,0,0.493333322306474,0.493333322306474,0,0,0,0,0,0,0,0.714999984018505,0,2.43249994562939,0,0,0,0,0,0,0,0.292499993462116
1918-01-01,0,0.302499993238598,0,0,0,0,0.302499993238598,6.39249985711649,0,0,0,0,4.2499999050051,0,0,0,0,0,19.0549995740876,1.06499997619539,0.302499993238598,0,0,6.39249985711649,0,0,0,0,2.40499994624406,0.379999991506338,0.379999991506338,0,0,0,0,0,2.5424999431707,0,0,0,0,0,0,0,9.42499978933483,0,0,0,0,0,2.5424999431707,0,0,0,0,0,0,0,0.506666655341784,0.506666655341784,0,0,0,0,0,0,0,0.672499984968454,0,2.40499994624406,0,0,0,0,0,0,0,0.302499993238598
1919-01-01,0,0.302499993238598,0,0,0,0,0.302499993238598,5.64749987376854,0,0,0,0,4.23749990528449,0,0,0,0,0,18.9324995768256,1.09999997541308,0.302499993238598,0,0,5.64749987376854,0,0,0,0,2.3974999464117,0.372499991673976,0.372499991673976,0,0,0,0,0,2.59749994194135,0,0,0,0,0,0,0,9.46499978844076,0,0,0,0,0,2.59749994194135,0,0,0,0,0,0,0,0.496666655565302,0.496666655565302,0,0,0,0,0,0,0,0.672499984968454,0,2.3974999464117,0,0,0,0,0,0,0,0.302499993238598
1920-01-01,0,0.294999993406236,0,0,0,0,0.294999993406236,5.51499987673014,0,0,0,0,4.21749990573153,0,0,0,0,0,18.4974995865487,0,0.294999993406236,0,0,5.51499987673014,0,0,0,0,2.3849999466911,0.362499991897494,0.362499991897494,0,0,0,0,0,1.44499996770173,0,0,0,0,0,0,0,9.50749978749081,0,0,0,0,0,1.44499996770173,0,0,0,0,0,0,0,0.483333322529991,0.483333322529991,0,0,0,0,0,0,0,0.672499984968454,0,2.3849999466911,0,0,0,0,0,0,0,0.294999993406236
1921-01-01,0,0.292499993462116,0,0,0,0,0.292499993462116,6.41249985666946,0,0,0,0,4.33249990316108,0,0,0,0,0,18.0449995966628,0,0.292499993462116,0,0,6.41249985666946,0,0,0,0,2.45249994518235,0.34999999217689,0.34999999217689,0,0,0,0,0,1.44749996764585,0,0,0,0,0,0,0,9.54749978659675,0,0,0,0,0,1.44749996764585,0,0,0,0,0,0,0,0.466666656235854,0.466666656235854,0,0,0,0,0,0,0,0.717499983962625,0,2.45249994518235,0,0,0,0,0,0,0,0.292499993462116
1922-01-01,0,0.289999993517995,0,0,0,0,0.289999993517995,8.2224998162128,0,0,0,0,4.31499990355223,0,0,0,0,0,17.9024995998479,0,0.289999993517995,0,0,8.2224998162128,0,0,0,0,2.51499994378537,0.34749999223277,0.34749999223277,0,0,0,0,0,1.43499996792525,0,0,0,0,0,0,0,9.5899997856468,0,0,0,0,0,1.43499996792525,0,0,0,0,0,0,0,0.463333322977026,0.463333322977026,0,0,0,0,0,0,0,0.674999984912574,0,2.51499994378537,0,0,0,0,0,0,0,0.289999993517995
1923-01-01,0,0.282499993685633,0,0,0,0,0.282499993685633,5.85999986901879,0,0,0,0,4.42999990098178,0,0,0,0,0,17.5674996073358,0,0.282499993685633,0,0,5.85999986901879,0,0,0,0,2.57999994233251,0.339999992400408,0.339999992400408,0,0,0,0,0,1.40249996865168,0,0,0,0,0,0,0,9.63249978469685,0,0,0,0,0,1.40249996865168,0,0,0,0,0,0,0,0.453333323200544,0.453333323200544,0,0,0,0,0,0,0,0.674999984912574,0,2.57999994233251,0,0,0,0,0,0,0,0.282499993685633
1924-01-01,0,0.279999993741512,0,0,0,0,0.279999993741512,5.7274998719804,0,0,0,0,4.53749989857897,0,0,0,0,0,17.2149996152148,1.0899999756366,0.279999993741512,0,0,5.7274998719804,0,0,0,0,2.64249994093552,0.327499992679805,0.327499992679805,0,0,0,0,0,3.50249992171302,0,0,0,0,0,0,0,8.79999980330467,0,0,0,0,0,3.50249992171302,0,0,0,0,0,0,0,0.436666656906406,0.436666656906406,0,0,0,0,0,0,0,0.674999984912574,0,2.64249994093552,0,0,0,0,0,0,0,0.279999993741512
1925-01-01,0,0.27249999390915,0,0,0,0,0.27249999390915,5.56499987561256,0,0,0,0,4.65499989595264,0,0,0,0,0,16.7399996258318,2.21999995037913,0.27249999390915,0,0,5.56499987561256,0,0,0,0,2.70999993942678,0.26999999396503,0.26999999396503,0,0,0,0,0,2.42749994574115,0,0,0,0,0,0,0,6.66249985108152,0,0,0,0,0,2.42749994574115,0,0,0,0,0,0,0,0.359999991953373,0.359999991953373,0,0,0,0,0,0,0,0.674999984912574,0,2.70999993942678,0,0,0,0,0,0,0,0.27249999390915
1926-01-01,0,0.57999998703599,0,0,0,0,0.57999998703599,6.32249985868111,0,0,0,0,5.05499988701195,0,0,0,0,0,16.2349996371195,2.3974999464117,0.57999998703599,0,0,6.32249985868111,0,0,0,0,2.77749993791804,0.259999994188547,0.259999994188547,0,0,0,0,0,2.38999994657934,0,0,0,0,0,0,0,6.69249985041097,0,0,0,0,0,2.38999994657934,0,0,0,0,0,0,0,0.346666658918063,0.346666658918063,0,0,0,0,0,0,0,0.672499984968454,0,2.77749993791804,0,0,0,0,0,0,0,0.57999998703599
1927-01-01,0,0.567499987315387,0,0,0.409999990835786,0,0.567499987315387,5.55999987572432,0,0,0,0,4.88249989086762,0,0,0,0,0,15.8174996464513,2.17249995144084,0.567499987315387,0,0,5.55999987572432,0,0,0,0,2.84249993646517,0.252499994356185,0.252499994356185,0,0,0,0,0,3.28499992657453,0,0,0,0,0,0,0,7.8099998254329,0,0,0,0,0,3.28499992657453,0,0,0,0,0,0,0,0.33666665914158,0.33666665914158,0,0,0,0,0,0,0,0.674999984912574,0,2.84249993646517,0,0,0,0,0,0,0,0.567499987315387
1928-01-01,0,0.562499987427145,0,0,0.487499989103526,0,0.562499987427145,3.8874999131076,0,0,0,0,4.99249988840893,0,0,0,0,0,15.6824996494688,2.14249995211139,0.562499987427145,0,0,3.8874999131076,0,0,0,0,2.90499993506819,0,0,0,0,0,0,0,3.24249992752448,0,0,0,0,0,0,0,6.74999984912574,0,0,0,0,0,3.24249992752448,0,0,0,0,0,0,0,0,0,0,0,0,0,0,0,0,0.674999984912574,0,2.90499993506819,0,0,0,0,0,0,0,0.562499987427145
1929-01-01,0,0.832499981392175,0,0,0.412499990779907,0,0.832499981392175,1.98499995563179,0,0,0,0,5.10249988595024,0,0,0,0,0,15.9724996429868,2.16499995160848,0.832499981392175,0,0,1.98499995563179,0,0,0,0,2.96999993361533,0.254999994300306,0.254999994300306,0,0,0,0,0,3.28749992651865,0,0,0,0,0,0,0,7.87499982398003,0,0,0,0,0,3.28749992651865,0,0,0,0,0,0,0,0.339999992400408,0.339999992400408,0,0,0,0,0,0,0,0.674999984912574,0,2.96999993361533,0,0,0,0,0,0,0,0.832499981392175
1930-01-01,0,0.844999981112778,0,0,0.414999990724027,0,0.844999981112778,3.12499993015081,0,0,0,0,5.2074998836033,0,0,0,0,0,16.3374996348284,3.20999992825091,0.844999981112778,0,0,3.12499993015081,0,0,0,0,3.02499993238598,0.262499994132668,0.262499994132668,0,0,0,0,0,4.35999990254641,0,0,0,0,0,0,0,9.02999979816377,0,0,0,0,0,4.35999990254641,0,0,0,0,0,0,0,0.34999999217689,0.34999999217689,0,0,0,0,0,0,0,0.674999984912574,0,3.02499993238598,0,0,0,0,0,0,0,0.844999981112778
1931-01-01,0,0.869999980553985,0,0,0.429999990388751,0,0.869999980553985,3.19499992858618,0,0,0,0,5.15499988477677,0,0,0,0,0,16.6874996270053,3.35749992495403,0.869999980553985,0,0,3.19499992858618,0,0,0,0,2.99249993311241,0.26999999396503,0.26999999396503,0,0,0,0,0,4.54249989846721,0,0,0,0,0,0,0,6.83499984722584,0,0,0,0,0,4.54249989846721,0,0,0,0,0,0,0,0.359999991953373,0.359999991953373,0,0,0,0,0,0,0,0.65999998524785,0,2.99249993311241,0,0,0,0,0,0,0,0.869999980553985
1932-01-01,0.997499977704138,0.897499979939312,0,0,0.537499987985939,0,0.897499979939312,3.27499992679805,0,0,0,0.997499977704138,5.2074998836033,0,0,0.997499977704138,0,0,17.0699996184558,2.37749994685873,0.897499979939312,0,0,3.27499992679805,0,0,0,0,3.02249993244186,0.274999993853271,0.274999993853271,0,0,0,0,0,3.59999991953373,0,0,0,0,0.997499977704138,0,0,6.86249984661117,0,0,0,0,0,3.59999991953373,0,0,0,0,0,0.997499977704138,0.997499977704138,0.366666658471028,0.366666658471028,0,0,0,0,0,0,0,0.662499985191971,0,3.02249993244186,0,0,0,0,0,0,0,0.897499979939312
1933-01-01,0,0.629999985918403,0,0,0.452499989885837,0,0.629999985918403,3.41999992355704,0,0,0,0,5.2549998825416,0,0,0,0,0,17.7549996031448,2.38249994674698,0.629999985918403,0,0,3.41999992355704,0,0,0,0,3.04999993182719,0.292499993462116,0.292499993462116,0,0,0,0,0,3.64999991841614,0,0,0,0,0,0,0,6.8899998459965,0,0,0,0,0,3.64999991841614,0,0,0,0,0,0,0,0.389999991282821,0.389999991282821,0,0,0,0,0,0,0,0.674999984912574,0,3.04999993182719,0,0,0,0,0,0,0,0.629999985918403
1934-01-01,0,0.647499985527247,0,0,0.457499989774078,0,0.647499985527247,2.4949999442324,0,0,0,0,5.30749988136813,0,0,0,0,0,18.442499587778,2.38749994663522,0.647499985527247,0,0,2.4949999442324,0,0,0,0,3.07999993115664,0.307499993126839,0.307499993126839,0,0,0,0,0,3.70249991724268,0,0,0,0,0,0,0,5.64499987382442,0,0,0,0,0,3.70249991724268,0,0,0,0,0,0,0,0.409999990835786,0.409999990835786,0,0,0,0,0,0,0,0.674999984912574,0,3.07999993115664,0,0,0,0,0,0,0,0.647499985527247
1935-01-01,0,0.904999979771674,0,0,0.447499989997596,0,0.904999979771674,1.16499997396022,0,0,0,0,5.00749988807365,0,0,0,0,0,17.3699996117502,3.48249992216006,0.904999979771674,0,0,1.16499997396022,0,0,0,0,3.07749993121251,0.282499993685633,0.282499993685633,0,0,0,0,0,4.71999989449978,0,0,0,0,0,0,0,8.01249982090667,0,0,0,0,0,4.71999989449978,0,0,0,0,0,0,0,0.376666658247511,0.376666658247511,0,0,0,0,0,0,0,0.662499985191971,0,3.07749993121251,0,0,0,0,0,0,0,0.904999979771674
1936-01-01,1.0049999775365,0.89249998005107,0,0,0.442499990109354,0,0.89249998005107,1.14249997446314,0,0,0,1.0049999775365,5.06499988678843,0,0,1.0049999775365,0,0,17.0599996186793,3.4749999223277,0.89249998005107,0,0,1.14249997446314,0,0,0,0,3.1124999304302,0.274999993853271,0.274999993853271,0,0,0,0,0,4.69249989511445,0,0,0,0,1.0049999775365,0,0,8.01499982085079,0,0,0,0,0,4.69249989511445,0,0,0,0,0,1.0049999775365,1.0049999775365,0.366666658471028,0.366666658471028,0,0,0,0,0,0,0,0.674999984912574,0,3.1124999304302,0,0,0,0,0,0,0,0.89249998005107
1937-01-01,1.00249997759238,0.327499992679805,0,0,0,0,0.327499992679805,2.08749995334074,0,0,0,1.00249997759238,5.1224998855032,0,0,1.00249997759238,0,0,16.7399996258318,2.34999994747341,0.327499992679805,0,0,2.08749995334074,0,0,0,0,3.14749992964789,0.267499994020909,0.267499994020909,0,0,0,0,0,3.5474999207072,0,0,0,0,1.00249997759238,0,0,8.01749982079491,0,0,0,0,0,3.5474999207072,0,0,0,0,0,1.00249997759238,1.00249997759238,0.356666658694545,0.356666658694545,0,0,0,0,0,0,0,0.637499985750765,0,3.14749992964789,0,0,0,0,0,0,0,0.327499992679805
1938-01-01,0,0,0,0,0,0,0,0.954999978654087,0,0,0,0,5.01249988796189,0,0,0,0,0,16.5074996310286,3.29249992640689,0,0,0,0.954999978654087,0,0,0,0,3.18249992886558,0.264999994076788,0.264999994076788,0,0,0,0,0,4.45749990036711,0,0,0,0,0,0,0,6.89999984577298,0,0,0,0,0,4.45749990036711,0,0,0,0,0,0,0,0.353333325435718,0.353333325435718,0,0,0,0,0,0,0,0.65999998524785,0,3.18249992886558,0,0,0,0,0,0,0,0
1939-01-01,0,0,0,0,0,0,0,2.68249994004145,0,0,0,0,5.04499988723546,0,0,0,0,0,16.6024996289052,2.24749994976446,0,0,0,2.68249994004145,0,0,0,0,3.20249992841855,0.267499994020909,0.267499994020909,0,0,0,0,0,3.42249992350116,0,0,0,0,0,0,0,6.90499984566122,0,0,0,0,0,3.42249992350116,0,0,0,0,0,0,0,0.356666658694545,0.356666658694545,0,0,0,0,0,0,0,0.65999998524785,0,3.20249992841855,0,0,0,0,0,0,0,0
1940-01-01,0,0,0,0,0,0,0,1.13749997457489,0,0,0,0,5.33249988080934,0,0,0,0,0,16.9799996204674,2.33499994780868,0,0,0,1.13749997457489,0,0,0,0,3.38749992428347,0.274999993853271,0.274999993853271,0,0,0,0,0,3.5474999207072,0,0,0,0,0,0,0,6.90499984566122,0,0,0,0,0,3.5474999207072,0,0,0,0,0,0,0,0.366666658471028,0.366666658471028,0,0,0,0,0,0,0,0.674999984912574,0,3.38749992428347,0,0,0,0,0,0,0,0
1941-01-01,0,0,0,0,0,0,0,1.17999997362494,0,0,0,0,5.31999988108873,0,0,0,0,0,15.7824996472336,2.36999994702637,0,0,0,1.17999997362494,0,0,0,0,3.27249992685392,0.287499993573874,0.287499993573874,0,0,0,0,0,3.62499991897494,0,0,0,0,0,0,0,5.65999987348914,0,0,0,0,0,3.62499991897494,0,0,0,0,0,0,0,0.383333324765166,0.383333324765166,0,0,0,0,0,0,0,0.674999984912574,0,3.27249992685392,0,0,0,0,0,0,0,0
1942-01-01,0,0.299999993294477,0,0,0,0,0.299999993294477,1.23749997233972,0,0,0,0,5.65249987365678,0,0,0,0,0,13.5924996961839,3.62749991891906,0.299999993294477,0,0,1.23749997233972,0,0,0,0,3.59249991970137,0.302499993238598,0.302499993238598,0,0,0,0,0,4.94249988952652,0,0,0,0,0,0,0,5.66249987343326,0,0,0,0,0,4.94249988952652,0,0,0,0,0,0,0,0.403333324318131,0.403333324318131,0,0,0,0,0,0,0,0.672499984968454,0,3.59249991970137,0,0,0,0,0,0,0,0.299999993294477
1943-01-01,0,0.312499993015081,0,0,0,0,0.312499993015081,3.97249991120771,0,0,0,0,5.68749987287447,0,0,0,0,0,17.1549996165559,3.78249991545454,0.312499993015081,0,0,3.97249991120771,0,0,0,0,3.61499991919845,0.319999992847443,0.319999992847443,0,0,0,0,0,5.16249988460913,0,0,0,0,0,0,0,5.66249987343326,0,0,0,0,0,5.16249988460913,0,0,0,0,0,0,0,0.426666657129924,0.426666657129924,0,0,0,0,0,0,0,0.674999984912574,0,3.61499991919845,0,0,0,0,0,0,0,0.312499993015081
1944-01-01,0,0.319999992847443,0,0,0,0,0.319999992847443,4.09499990846962,0,0,0,0,5.70999987237155,0,0,0,0,0,19.6624995605089,3.86749991355464,0.319999992847443,0,0,4.09499990846962,0,0,0,0,3.62749991891906,0.329999992623925,0.329999992623925,0,0,0,0,0,5.29249988170341,0,0,0,0,0,0,0,5.66499987337738,0,0,0,0,0,5.29249988170341,0,0,0,0,0,0,0,0.439999990165234,0.439999990165234,0,0,0,0,0,0,0,0.674999984912574,0,3.62749991891906,0,0,0,0,0,0,0,0.319999992847443
1945-01-01,0,0.299999993294477,0,0,0,0,0.299999993294477,3.39749992405996,0,0,0,0,5.73249987186864,0,0,0,0,0,19.5549995629117,2.52249994361773,0.299999993294477,0,0,3.39749992405996,0,0,0,0,3.64249991858378,0.299999993294477,0.299999993294477,0,0,0,0,0,3.91749991243705,0,0,0,0,0,0,0,6.92249984527007,0,0,0,0,0,3.91749991243705,0,0,0,0,0,0,0,0.399999991059303,0.399999991059303,0,0,0,0,0,0,0,0.672499984968454,0,3.64249991858378,0,0,0,0,0,0,0,0.299999993294477
1946-01-01,0,0.279999993741512,0,0,0,0,0.279999993741512,3.40999992378056,0,0,0,0,5.75249987142161,0,0,0,0,0,19.4399995654821,3.5599999204278,0.279999993741512,0,0,3.40999992378056,0,0,0,0,3.65499991830438,0.267499994020909,0.267499994020909,0,0,0,0,0,4.94499988947064,0,0,0,0,0,0,0,6.92499984521419,0,0,0,0,0,4.94499988947064,0,0,0,0,0,0,0,0.356666658694545,0.356666658694545,0,0,0,0,0,0,0,0.669999985024333,0,3.65499991830438,0,0,0,0,0,0,0,0.279999993741512
1947-01-01,0,0.262499994132668,0,0,0,0,0.262499994132668,3.42249992350116,0,0,0,0,6.88749984605238,0,0,0,0,0,19.3274995679967,3.54249992081895,0.262499994132668,0,0,3.42249992350116,0,0,0,0,4.38749990193173,0,0,0,0,0,0,0,4.85749989142641,0,0,0,0,0,0,0,6.92999984510243,0,0,0,0,0,4.85749989142641,0,0,0,0,0,0,0,0,0,0,0,0,0,0,0,0,0.672499984968454,0,4.38749990193173,0,0,0,0,0,0,0,0.262499994132668
1948-01-01,0.88999998010695,0,0,0,0,0,0,3.43249992327765,0,0,0,0.88999998010695,6.85999984666705,0,0,0.88999998010695,0,0,19.2174995704554,2.2399999499321,0,0,0,3.43249992327765,0,0,0,0,4.36749990237877,0,0,0,0,0,0,0,3.49249992193654,0,0,0,0,0.88999998010695,0,0,5.68249987298623,0,0,0,0,0,3.49249992193654,0,0,0,0,0,0.88999998010695,0.88999998010695,0,0,0,0,0,0,0,0,0,0.65999998524785,0,4.36749990237877,0,0,0,0,0,0,0,0
1949-01-01,0.887499980162829,0,0,0,0,0,0,3.43999992311001,0,0,0,0.887499980162829,6.12499986309558,0,0,0.887499980162829,0,0,19.10499957297,2.17749995132908,0,0,0,3.43999992311001,0,0,0,0,3.89749991288409,0,0,0,0,0,0,0,3.34499992523342,0,0,0,0,0.887499980162829,0,0,5.68249987298623,0,0,0,0,0,3.34499992523342,0,0,0,0,0,0.887499980162829,0.887499980162829,0,0,0,0,0,0,0,0,0,0.674999984912574,0,3.89749991288409,0,0,0,0,0,0,0,0
1950-01-01,0,0,0,0,0,0,0,2.06499995384365,0,0,0,0,5.39999987930059,0,0,0,0,0,19.167499571573,2.07499995362014,0,0,0,2.06499995384365,0,0,0,0,3.43749992316589,0,0,0,0,0,0,0,3.23999992758036,0,0,0,0,0,0,0,5.8124998700805,0,0,0,0,0,3.23999992758036,0,0,0,0,0,0,0,0,0,0,0,0,0,0,0,0,0.639999985694885,0,3.43749992316589,0,0,0,0,0,0,0,0
1951-01-01,0,0,0,0,0,0,0,2.06749995378777,0,0,0,0,4.68999989517033,0,0,0,0,0,19.2274995702319,2.08999995328486,0,0,0,2.06749995378777,0,0,0,0,2.98499993328005,0,0,0,0,0,0,0,3.26499992702156,0,0,0,0,0,0,0,5.96749986661598,0,0,0,0,0,3.26499992702156,0,0,0,0,0,0,0,0,0,0,0,0,0,0,0,0,0.629999985918403,0,2.98499993328005,0,0,0,0,0,0,0,0
1952-01-01,0,0,0,0,0,0,0,2.06999995373189,0,0,0,0,4.76749989343807,0,0,0,0,0,19.292499568779,2.0824999534525,0,0,0,2.06999995373189,0,0,0,0,3.11749993031844,0,0,0,0,0,0,0,3.25999992713332,0,0,0,0,0,0,0,6.16499986220151,0,0,0,0,0,3.25999992713332,0,0,0,0,0,0,0,0,0,0,0,0,0,0,0,0,0.632499985862523,0,3.11749993031844,0,0,0,0,0,0,0,0
1953-01-01,0,0,0,0,0,0,0,2.07249995367602,0,0,0,0,4.97249988885596,0,0,0,0,0,19.354999567382,2.07499995362014,0,0,0,2.07249995367602,0,0,0,0,3.24999992735684,0,0,0,0,0,0,0,3.25999992713332,0,0,0,0,0,0,0,6.18499986175448,0,0,0,0,0,3.25999992713332,0,0,0,0,0,0,0,0,0,0,0,0,0,0,0,0,0.632499985862523,0,3.24999992735684,0,0,0,0,0,0,0,0
1954-01-01,0,0,0,0,0,0,0,0,0,0,0,0,5.1824998841621,0,0,0,0,0,19.4199995659292,2.06999995373189,0,0,0,0,0,0,0,0,3.38499992433935,0,0,0,0,0,0,0,3.25999992713332,0,0,0,0,0,0,0,6.22499986086041,0,0,0,0,0,3.25999992713332,0,0,0,0,0,0,0,0,0,0,0,0,0,0,0,0,0.632499985862523,0,3.38499992433935,0,0,0,0,0,0,0,0
1955-01-01,0,0,0,0,0,0,0,0,0,0,0,0,5.6674998733215,0,0,0,0,0,19.3799995668232,2.05999995395541,0,0,0,0,0,0,0,0,3.7049999171868,0,0,0,0,0,0,0,3.26249992707744,0,0,0,0,0,0,0,6.26249986002222,0,0,0,0,0,3.26249992707744,0,0,0,0,0,0,0,0,0,0,0,0,0,0,0,0,0.632499985862523,0,3.7049999171868,0,0,0,0,0,0,0,0
1956-01-01,0.854999980889261,0,0,0,0,0,0,1.96249995613471,0,0,0,0.854999980889261,6.09999986365438,0,0,0.854999980889261,0,0,19.332499567885,1.04499997664243,0,0,0,1.96249995613471,0,0,0,0,3.98749991087243,0,0,0,0,0,0,0,2.31749994819984,0,0,0,0,0.854999980889261,0,0,6.33499985840172,0,0,0,0,0,2.31749994819984,0,0,0,0,0,0.854999980889261,0.854999980889261,0,0,0,0,0,0,0,0,0,0.632499985862523,0,3.98749991087243,0,0,0,0,0,0,0,0
1957-01-01,0.85249998094514,0.249999994412065,0,0,0,0,0.249999994412065,1.90249995747581,0,0,0,0.85249998094514,5.93749986728653,0,0,0.85249998094514,0,0,19.292499568779,1.02499997708946,0.249999994412065,0,0,1.90249995747581,0,0,0,0,3.76499991584569,0,0,0,0,0,0,0,2.29499994870275,0,0,0,0,0.85249998094514,0,0,6.32999985851347,0,0,0,0,0,2.29499994870275,0,0,0,0,0,0.85249998094514,0.85249998094514,0,0,0,0,0,0,0,0,0,0.632499985862523,0,3.76499991584569,0,0,0,0,0,0,0,0.249999994412065
1958-01-01,0,0.257499994244426,0,0,0,0,0.257499994244426,0,0,0,0,0,6.69499985035509,0,0,0,0,0,19.2524995696731,1.0049999775365,0.257499994244426,0,0,0,0,0,0,0,4.37499990221113,0,0,0,0,0,0,0,2.27499994914979,0,0,0,0,0,0,0,6.029999865219,0,0,0,0,0,2.27499994914979,0,0,0,0,0,0,0,0,0,0,0,0,0,0,0,0,0.632499985862523,0,4.37499990221113,0,0,0,0,0,0,0,0.257499994244426
1959-01-01,0,0.264999994076788,0,0,0,0,0.264999994076788,1.78749996004626,0,0,0,0,7.12749984068796,0,0,0,0,0,19.2074995706789,0.987499977927655,0.264999994076788,0,0,1.78749996004626,0,0,0,0,4.65749989589676,0,0,0,0,0,0,0,2.25499994959682,0,0,0,0,0,0,0,5.88499986846,0,0,0,0,0,2.25499994959682,0,0,0,0,0,0,0,0,0,0,0,0,0,0,0,0,0.632499985862523,0,4.65749989589676,0,0,0,0,0,0,0,0.264999994076788
1960-01-01,0.779999982565641,0.264999994076788,0,0,0,0,0.264999994076788,1.78499996010214,0,0,0,0.779999982565641,7.37749983510002,0,0,0.779999982565641,0,0,17.4799996092916,0.96749997837469,0.264999994076788,0,0,1.78499996010214,0,0,0,0,4.81749989232048,0,0,0,0,0,0,0,2.22499995026737,0,0,0,0,0.779999982565641,0,0,5.88999986834824,0,0,0,0,0,2.22499995026737,0,0,0,0,0,0.779999982565641,0.779999982565641,0,0,0,0,0,0,0,0,0,0.632499985862523,0,4.81749989232048,0,0,0,0,0,0,0,0.264999994076788
1961-01-01,0,0.264999994076788,0,0,0,0,0.264999994076788,0,0,0,0,0,7.73999982699752,0,0,0,0,0,17.737499603536,0.947499978821725,0.264999994076788,0,0,0,0,0,0,0,5.23499988298863,0,0,0,0,0,0,0,2.19249995099381,0,0,0,0,0,0,0,4.52999989874661,0,0,0,0,0,2.19249995099381,0,0,0,0,0,0,0,0,0,0,0,0,0,0,0,0,0.637499985750765,0,5.23499988298863,0,0,0,0,0,0,0,0.264999994076788
1962-01-01,0,0,0,0,0,0,0,0,0,0,0,0,7.73499982710928,0,0,0,0,0,20.0824995511211,0.922499979380518,0,0,0,0,0,0,0,0,5.22999988310039,0,0,0,0,0,0,0,2.14999995194376,0,0,0,0,0,0,0,4.58999989740551,0,0,0,0,0,2.14999995194376,0,0,0,0,0,0,0,0,0,0,0,0,0,0,0,0,0.649999985471368,0,5.22999988310039,0,0,0,0,0,0,0,0
1963-01-01,0,0,0,0,0,0,0,1.77499996032566,0,0,0,0,8.73249980481341,0,0,0,0,0,20.3749995445833,0.897499979939312,0,0,0,1.77499996032566,0,0,0,0,5.22749988315627,0,0,0,0,0,0,0,1.76499996054918,0,0,0,0,0,0,0,4.6499998960644,0,0,0,0,0,1.76499996054918,0,0,0,0,0,0,0,0,0,0,0,0,0,0,0,0,0.644999985583127,0,5.22749988315627,0,0,0,0,0,0,0,0
1964-01-01,0,0,0,0,0,0,0,1.77249996038154,0,0,0,0,8.49749981006607,0,0,0,0,0,18.5149995861575,0.872499980498105,0,0,0,1.77249996038154,0,0,0,0,5.22499988321215,0,0,0,0,0,0,0,2.06749995378777,0,0,0,0,0,0,0,4.70749989477918,0,0,0,0,0,2.06749995378777,0,0,0,0,0,0,0,0,0,0,0,0,0,0,0,0,0.667499985080212,0,5.22499988321215,0,0,0,0,0,0,0,0
1965-01-01,0,0,0,0,0,0,0,2.75499993842095,0,0,0,0,8.71999980509281,0,0,0,0,0,18.1824995935895,0,0,0,0,2.75499993842095,0,0,0,0,5.21999988332391,0,0,0,0,0,0,0,1.08749997569248,0,0,0,0,0,0,0,4.78749989299104,0,0,0,0,0,1.08749997569248,0,0,0,0,0,0,0,0,0,0,0,0,0,0,0,0,0.682499984744936,0,5.21999988332391,0,0,0,0,0,0,0,0
1966-01-01,1.4649999672547,0,0,0,0,0,0,2.74749993858859,0,0,0,1.4649999672547,8.71749980514869,0,0,1.4649999672547,0,0,16.2149996375665,0.827499981503934,0,0,0,2.74749993858859,0,0,0,0,5.21749988337979,0,0,0,0,0,0,0,1.57749996474013,0,0,0,0,1.4649999672547,0,0,4.8674998912029,0,0,0,0,0,1.57749996474013,0,0,0,0,0,1.4649999672547,1.4649999672547,0,0,0,0,0,0,0,0,0,0.677499984856695,0,5.21749988337979,0,0,0,0,0,0,0,0
1967-01-01,1.45999996736646,0,0,0,0,0,0,2.73999993875623,0,0,0,1.45999996736646,8.72249980503693,0,0,1.45999996736646,0,0,15.9249996440485,0,0,0,0,2.73999993875623,0,0,0,0,5.22249988326803,0,0,0,0,0,0,0,0.689999984577298,0,0,0,0,1.45999996736646,0,0,4.94499988947064,0,0,0,0,0,0.689999984577298,0,0,0,0,0,1.45999996736646,1.45999996736646,0,0,0,0,0,0,0,0,0,0.592499986756593,0,5.22249988326803,0,0,0,0,0,0,0,0
1968-01-01,0,0,0,0,0,0,0,2.73249993892387,0,0,0,0,8.71749980514869,0,0,0,0,0,17.2249996149912,0,0,0,0,2.73249993892387,0,0,0,0,5.21749988337979,0,0,0,0,0,0,0,0.624999986030161,0,0,0,0,0,0,0,5.02749988762662,0,0,0,0,0,0.624999986030161,0,0,0,0,0,0,0,0,0,0,0,0,0,0,0,0,0.534999988041818,0,5.21749988337979,0,0,0,0,0,0,0,0
1969-01-01,0.702499984297901,0,0,0,0,0,0,1.74749996094033,0,0,0,0.702499984297901,8.92999980039895,0,0,0.702499984297901,0,0,15.3449996570125,0,0,0,0,1.74749996094033,0,0,0,0,5.34499988052994,0,0,0,0,0,0,0,0.557499987538904,0,0,0,0,0.702499984297901,0,0,5.11999988555908,0,0,0,0,0,0.557499987538904,0,0,0,0,0,0.702499984297901,0.702499984297901,0,0,0,0,0,0,0,0,0,0.677499984856695,0,5.34499988052994,0,0,0,0,0,0,0,0
1970-01-01,0.699999984353781,0,0,0,0,0,0,4.46999990008771,0,0,0,0.699999984353781,8.8999998010695,0,0,0.699999984353781,0,0,16.9124996219762,0,0,0,0,4.46999990008771,0,0,0,0,5.47499987762421,0,0,0,0,0,0,0,0.54249998787418,0,0,0,0,0.699999984353781,0,0,2.77749993791804,0,0,0,0,0,0.54249998787418,0,0,0,0,0,0.699999984353781,0.699999984353781,0,0,0,0,0,0,0,0,0,0.644999985583127,0,5.47499987762421,0,0,0,0,0,0,0,0
1971-01-01,0,0,0,0,0,0,0,1.74499996099621,0,0,0,0,8.79999980330467,0,0,0,0,0,16.9074996220879,0,0,0,0,1.74499996099621,0,0,0,0,5.59249987499788,0,0,0,0,0,0,0,0.527499988209456,0,0,0,0,0,0,0,4.21999990567565,0,0,0,0,0,0.527499988209456,0,0,0,0,0,0,0,0,0,0,0,0,0,0,0,0,0.50499998871237,0,5.59249987499788,0,0,0,0,0,0,0,0
1972-01-01,0,0,0,0,0,0,0,1.74249996105209,0,0,0,0,8.99499979894608,0,0,0,0,0,16.9074996220879,0,0,0,0,1.74249996105209,0,0,0,0,5.71999987214804,0,0,0,0,0,0,0,0.514999988488853,0,0,0,0,0,0,0,4.28499990422279,0,0,0,0,0,0.514999988488853,0,0,0,0,0,0,0,0,0,0,0,0,0,0,0,0,0.524999988265336,0,5.71999987214804,0,0,0,0,0,0,0,0
1973-01-01,0,0,0,0,0,0,0,2.7124999393709,0,0,0,0,9.18749979464337,0,0,0,0,0,15.3449996570125,0,0,0,0,2.7124999393709,0,0,0,0,5.84499986935407,0,0,0,0,0,0,0,0.50249998876825,0,0,0,0,0,0,0,1.56499996501952,0,0,0,0,0,0.50249998876825,0,0,0,0,0,0,0,0,0,0,0,0,0,0,0,0,0.46499998960644,0,5.84499986935407,0,0,0,0,0,0,0,0
1974-01-01,0,0,0,0,0,0,0,1.73749996116385,0,0,0,0,9.61249978514388,0,0,0,0,0,13.9599996879697,0,0,0,0,1.73749996116385,0,0,0,0,6.12999986298382,0,0,0,0,0,0,0,0.489999989047647,0,0,0,0,0,0,0,2.94249993423,0,0,0,0,0,0.489999989047647,0,0,0,0,0,0,0,0,0,0,0,0,0,0,0,0,0.314999992959201,0,6.12999986298382,0,0,0,0,0,0,0,0
1975-01-01,0,0,0,0,0,0,0,1.72749996138737,0,0,0,0,10.5349997645244,0,0,0,0,0,15.3624996566214,0,0,0,0,1.72749996138737,0,0,0,0,6.7449998492375,0,0,0,0,0,0,0,0.467499989550561,0,0,0,0,0,0,0,1.62499996367842,0,0,0,0,0,0.467499989550561,0,0,0,0,0,0,0,0,0,0,0,0,0,0,0,0,0.46499998960644,0,6.7449998492375,0,0,0,0,0,0,0,0
1976-01-01,0,0,0,0,0,0,0,1.71499996166676,0,0,0,0,11.3099997472018,0,0,0,0,0,13.9899996872991,0,0,0,0,1.71499996166676,0,0,0,0,7.26249983767048,0,0,0,0,0,0,0,0.444999990053475,0,0,0,0,0,0,0,1.66249996284023,0,0,0,0,0,0.444999990053475,0,0,0,0,0,0,0,0,0,0,0,0,0,0,0,0,0.312499993015081,0,7.26249983767048,0,0,0,0,0,0,0,0
1977-01-01,0,0,0,0,0,0,0,1.70999996177852,0,0,0,0,12.4649997213855,0,0,0,0,0,15.3924996559508,0,0,0,0,1.70999996177852,0,0,0,0,8.03499982040375,0,0,0,0,0,0,0,0.42749999044463,0,0,0,0,0,0,0,1.69249996216968,0,0,0,0,0,0.42749999044463,0,0,0,0,0,0,0,0,0,0,0,0,0,0,0,0,0.312499993015081,0,8.03499982040375,0,0,0,0,0,0,0,0
1978-01-01,0,0,0,0,0,0,0,1.70249996194616,0,0,0,0,13.2449997039512,0,0,0,0,0,15.4074996556155,0,0,0,0,1.70249996194616,0,0,0,0,8.55499980878085,0,0,0,0,0,0,0,0.412499990779907,0,0,0,0,0,0,0,1.72249996149912,0,0,0,0,0,0.412499990779907,0,0,0,0,0,0,0,0,0,0,0,0,0,0,0,0,0.312499993015081,0,8.55499980878085,0,0,0,0,0,0,0,0
1979-01-01,0,0,0,0,0,0,0,1.69999996200204,0,0,0,0,14.0199996866286,0,0,0,0,0,15.1699996609241,0,0,0,0,1.69999996200204,0,0,0,0,9.07499979715794,0,0,0,0,0,0,0,0.3874999913387,0,0,0,0,0,0,0,1.75999996066093,0,0,0,0,0,0.3874999913387,0,0,0,0,0,0,0,0,0,0,0,0,0,0,0,0,0.319999992847443,0,9.07499979715794,0,0,0,0,0,0,0,0
1980-01-01,0,0,0,0,0,0,0,1.69999996200204,0,0,0,0,15.2549996590242,0,0,0,0,0,13.5899996962398,0,0,0,0,1.69999996200204,0,0,0,0,9.90249977866188,0,0,0,0,0,0,0,0.362499991897494,0,0,0,0,0,0,0,1.79999995976686,0,0,0,0,0,0.362499991897494,0,0,0,0,0,0,0,0,0,0,0,0,0,0,0,0,0.317499992903322,0,9.90249977866188,0,0,0,0,0,0,0,0
1981-01-01,0,0,0,0,0,0,0,1.69749996205792,0,0,0,0,15.934999643825,0,0,0,0,0,13.3749997010455,0,0,0,0,1.69749996205792,0,0,0,0,10.3274997691624,0,0,0,0,0,0,0,0.337499992456287,0,0,0,0,0,0,0,1.83249995904043,0,0,0,0,0,0.337499992456287,0,0,0,0,0,0,0,0,0,0,0,0,0,0,0,0,0.312499993015081,0,10.3274997691624,0,0,0,0,0,0,0,0
1982-01-01,0,0,0,0,0,0,0,0,0,0,0,0,16.5524996300228,0,0,0,0,0,13.1599997058511,0,0,0,0,0,0,0,0,0,10.6849997611716,0,0,0,0,0,0,0,0.307499993126839,0,0,0,0,0,0,0,1.86749995825812,0,0,0,0,0,0.307499993126839,0,0,0,0,0,0,0,0,0,0,0,0,0,0,0,0,0.312499993015081,0,10.6849997611716,0,0,0,0,0,0,0,0
1983-01-01,0,0,0,0,0,0,0,1.67999996244907,0,0,0,0,16.7924996246584,0,0,0,0,0,12.5899997185916,0,0,0,0,1.67999996244907,0,0,0,0,10.8249997580424,0,0,0,0,0,0,0,0,0,0,0,0,0,0,0,1.90749995736405,0,0,0,0,0,0,0,0,0,0,0,0,0,0,0,0,0,0,0,0,0,0,0.312499993015081,0,10.8249997580424,0,0,0,0,0,0,0,0
1984-01-01,0,0,0,0,0,0,0,0,0,0,0,0,17.0974996178411,0,0,0,0,0,12.4974997206591,0,0,0,0,0,0,0,0,0,10.9999997541308,0,0,0,0,0,0,0,0,0,0,0,0,0,0,0,1.94249995658174,0,0,0,0,0,0,0,0,0,0,0,0,0,0,0,0,0,0,0,0,0,0,0.312499993015081,0,10.9999997541308,0,0,0,0,0,0,0,0
1985-01-01,0,0,0,0,0,0,0,0,0,0,0,0,17.3949996111915,0,0,0,0,0,13.1849997052923,0,0,0,0,0,0,0,0,0,11.1724997502752,0,0,0,0,0,0,0,0,0,0,0,0,0,0,0,1.97499995585531,0,0,0,0,0,0,0,0,0,0,0,0,0,0,0,0,0,0,0,0,0,0,0.312499993015081,0,11.1724997502752,0,0,0,0,0,0,0,0
1986-01-01,0,0,0,0,0,0,0,0,0,0,0,0,17.6999996043742,0,0,0,0,0,11.9949997318909,0,0,0,0,0,0,0,0,0,11.3474997463636,0,0,0,0,0,0,0,0,0,0,0,0,0,0,0,2.01499995496124,0,0,0,0,0,0,0,0,0,0,0,0,0,0,0,0,0,0,0,0,0,0,0.312499993015081,0,11.3474997463636,0,0,0,0,0,0,0,0
1987-01-01,0,0,0,0,0,0,0,0,0,0,0,0,17.964999598451,0,0,0,0,0,12.6724997167476,0,0,0,0,0,0,0,0,0,11.5024997428991,0,0,0,0,0,0,0,0,0,0,0,0,0,0,0,2.04999995417893,0,0,0,0,0,0,0,0,0,0,0,0,0,0,0,0,0,0,0,0,0,0,0.312499993015081,0,11.5024997428991,0,0,0,0,0,0,0,0
1988-01-01,0,0,0,0,0,0,0,0,0,0,0,0,18.4699995871633,0,0,0,0,0,12.7299997154623,0,0,0,0,0,0,0,0,0,11.4749997435138,0,0,0,0,0,0,0,0,0,0,0,0,0,0,0,2.08999995328486,0,0,0,0,0,0,0,0,0,0,0,0,0,0,0,0,0,0,0,0,0,0,0.267499994020909,0,11.4749997435138,0,0,0,0,0,0,0,0
1989-01-01,0,0,0,0,0,0,0,0,0,0,0,0,18.5724995848723,0,0,0,0,0,11.5599997416139,0,0,0,0,0,0,0,0,0,11.5374997421168,0,0,0,0,0,0,0,0,0,0,0,0,0,0,0,2.12249995255843,0,0,0,0,0,0,0,0,0,0,0,0,0,0,0,0,0,0,0,0,0,0,0.267499994020909,0,11.5374997421168,0,0,0,0,0,0,0,0
1990-01-01,0,0,0,0,0,0,0,0,0,0,0,0,18.6349995834753,0,0,0,0,0,11.6149997403845,0,0,0,0,0,0,0,0,0,11.5524997417815,0,0,0,0,0,0,0,0,0,0,0,0,0,0,0,2.12249995255843,0,0,0,0,0,0,0,0,0,0,0,0,0,0,0,0,0,0,0,0,0,0,0.267499994020909,0,11.5524997417815,0,0,0,0,0,0,0,0
1991-01-01,0,0,0,0,0,0,0,0,0,0,0,0,18.6324995835312,0,0,0,0,0,11.6674997392111,0,0,0,0,0,0,0,0,0,11.5499997418374,0,0,0,0,0,0,0,0,0,0,0,0,0,0,0,2.11999995261431,0,0,0,0,0,0,0,0,0,0,0,0,0,0,0,0,0,0,0,0,0,0,0.267499994020909,0,11.5499997418374,0,0,0,0,0,0,0,0
1992-01-01,0,0,0,0,0,0,0,0,0,0,0,0,18.6824995824136,0,0,0,0,0,11.7249997379258,0,0,0,0,0,0,0,0,0,11.5799997411668,0,0,0,0,0,0,0,0,0,0,0,0,0,0,0,2.11999995261431,0,0,0,0,0,0,0,0,0,0,0,0,0,0,0,0,0,0,0,0,0,0,0.267499994020909,0,11.5799997411668,0,0,0,0,0,0,0,0
1993-01-01,0,0,0,0,0,0,0,0,0,0,0,0,18.9124995772727,0,0,0,0,0,11.8049997361377,0,0,0,0,0,0,0,0,0,11.7124997382052,0,0,0,0,0,0,0,0,0,0,0,0,0,0,0,2.11749995267019,0,0,0,0,0,0,0,0,0,0,0,0,0,0,0,0,0,0,0,0,0,0,0.267499994020909,0,11.7124997382052,0,0,0,0,0,0,0,0
1994-01-01,0.667499985080212,0,0,0,0,0,0,0,0,0,0,0.667499985080212,19.2074995706789,0,0,0.667499985080212,0,0,11.8874997342937,0,0,0,0,0,0,0,0,0,11.8849997343495,0,0,0,0,0,0,0,0,0,0,0,0,0.667499985080212,0,0,2.11749995267019,0,0,0,0,0,0,0,0,0,0,0,0.667499985080212,0.667499985080212,0,0,0,0,0,0,0,0,0,0.312499993015081,0,11.8849997343495,0,0,0,0,0,0,0,0
1995-01-01,0.65999998524785,0,0,0,0,0,0,0,0,0,0,0.65999998524785,18.2724995915778,0,0,0.65999998524785,0,0,11.9674997325055,0,0,0,0,0,0,0,0,0,10.9299997556955,0,0,0,0,0,0,0,0,0,0,0,0,0.65999998524785,0,0,2.11499995272607,0,0,0,0,0,0,0,0,0,0,0,0.65999998524785,0.65999998524785,0,0,0,0,0,0,0,0,0,0.19249999569729,0,10.9299997556955,0,0,0,0,0,0,0,0
1996-01-01,0.65999998524785,0,0,0,0,0,0,0,0,0,0,0.65999998524785,17.819999601692,0,0,0.65999998524785,0,0,12.039999730885,0,0,0,0,0,0,0,0,0,10.6574997617863,0,0,0,0,0,0,0,0,0,0,0,0,0.65999998524785,0,0,2.11249995278195,0,0,0,0,0,0,0,0,0,0,0,0.65999998524785,0.65999998524785,0,0,0,0,0,0,0,0,0,0.149999996647239,0,10.6574997617863,0,0,0,0,0,0,0,0
1997-01-01,0,0,0,0,0,0,0,0,0,0,0,0,17.4349996102974,0,0,0,0,0,12.1199997290969,0,0,0,0,0,0,0,0,0,9.71999978274107,0,0,0,0,0,0,0,0,0,0,0,0,0,0,0,2.11249995278195,0,0,0,0,0,0,0,0,0,0,0,0,0,0,0,0,0,0,0,0,0,0,0.19249999569729,0,9.71999978274107,0,0,0,0,0,0,0,0
1998-01-01,0,0,0,0,0,0,0,0,0,0,0,0,15.5399996526539,0,0,0,0,0,11.8849997343495,0,0,0,0,0,0,0,0,0,7.79999982565641,0,0,0,0,0,0,0,0,0,0,0,0,0,0,0,2.11249995278195,0,0,0,0,0,0,0,0,0,0,0,0,0,0,0,0,0,0,0,0,0,0,0.19249999569729,0,7.79999982565641,0,0,0,0,0,0,0,0
1999-01-01,0,0,0,0,0,0,0,0,0,0,0,0,15.2349996594712,0,0,0,0,0,11.9624997326173,0,0,0,0,0,0,0,0,0,7.92249982291833,0,0,0,0,0,0,0,0,0,0,0,0,0,0,0,2.1074999528937,0,0,0,0,0,0,0,0,0,0,0,0,0,0,0,0,0,0,0,0,0,0,0.149999996647239,0,7.92249982291833,0,0,0,0,0,0,0,0
2000-01-01,0,0,0,0,0,0,0,0,0,0,0,0,15.8024996467866,0,0,0,0,0,10.0574997751974,0,0,0,0,0,0,0,0,0,7.91999982297421,0,0,0,0,0,0,0,0,0,0,0,0,0,0,0,2.1074999528937,0,0,0,0,0,0,0,0,0,0,0,0,0,0,0,0,0,0,0,0,0,0,0,0,7.91999982297421,0,0,0,0,0,0,0,0
2001-01-01,0,0,0,0,0,0,0,0,0,0,0,0,15.4774996540509,0,0,0,0,0,8.56999980844557,0,0,0,0,0,0,0,0,0,7.75249982671812,0,0,0,0,0,0,0,0,0,0,0,0,0,0,0,2.1074999528937,0,0,0,0,0,0,0,0,0,0,0,0,0,0,0,0,0,0,0,0,0,0,0,0,7.75249982671812,0,0,0,0,0,0,0,0
2002-01-01,0,0,0,0,0,0,0,0,0,0,0,0,15.1499996613711,0,0,0,0,0,7.27499983739108,0,0,0,0,0,0,0,0,0,7.58499983046204,0,0,0,0,0,0,0,0,0,0,0,0,0,0,0,2.1074999528937,0,0,0,0,0,0,0,0,0,0,0,0,0,0,0,0,0,0,0,0,0,0,0,0,7.58499983046204,0,0,0,0,0,0,0,0
2003-01-01,0,0,0,0,0,0,0,0,0,0,0,0,11.9449997330084,0,0,0,0,0,7.27999983727932,0,0,0,0,0,0,0,0,0,4.59999989718199,0,0,0,0,0,0,0,0,0,0,0,0,0,0,0,2.11249995278195,0,0,0,0,0,0,0,0,0,0,0,0,0,0,0,0,0,0,0,0,0,0,0,0,4.59999989718199,0,0,0,0,0,0,0,0
2004-01-01,0,0,0,0,0,0,0,0,0,0,0,0,12.6149997180328,0,0,0,0,0,7.28499983716756,0,0,0,0,0,0,0,0,0,4.86249989131466,0,0,0,0,0,0,0,0,0,0,0,0,0,0,0,2.10249995300546,0,0,0,0,0,0,0,0,0,0,0,0,0,0,0,0,0,0,0,0,0,0,0,0,4.86249989131466,0,0,0,0,0,0,0,0
2005-01-01,0,0,0,0,0,0,0,0,0,0,0,0,12.5724997189827,0,0,0,0,0,7.28499983716756,0,0,0,0,0,0,0,0,0,4.84499989170581,0,0,0,0,0,0,0,0,0,0,0,0,0,0,0,2.10249995300546,0,0,0,0,0,0,0,0,0,0,0,0,0,0,0,0,0,0,0,0,0,0,0,0,4.84499989170581,0,0,0,0,0,0,0,0
2006-01-01,0,0,0,0,0,0,0,0,0,0,0,0,11.8974997340702,0,0,0,0,0,6.10999986343086,0,0,0,0,0,0,0,0,0,3.97499991115183,0,0,0,0,0,0,0,0,0,0,0,0,0,0,0,2.09749995311722,0,0,0,0,0,0,0,0,0,0,0,0,0,0,0,0,0,0,0,0,0,0,0,0,3.97499991115183,0,0,0,0,0,0,0,0
2007-01-01,0,0,0,0,0,0,0,0,0,0,0,0,12.1774997278117,0,0,0,0,0,6.11249986337498,0,0,0,0,0,0,0,0,0,4.06749990908429,0,0,0,0,0,0,0,0,0,0,0,0,0,0,0,2.09249995322898,0,0,0,0,0,0,0,0,0,0,0,0,0,0,0,0,0,0,0,0,0,0,0,0,4.06749990908429,0,0,0,0,0,0,0,0
